Unnamed: 0,Compound ID,ESOL predicted log solubility in mols per litre,Minimum Degree,Molecular Weight,Number of H-Bond Donors,Number of Rings,Number of Rotatable Bonds,Polar Surface Area,measured log solubility in mols per litre,smiles
0,Bibenzyl ,-4.301,2,"182,266",0,2,3,0.0,"-4,620",C1:C:C:C(CCC2:C:C:C:C:C:2):C:C:1
1,Perylene,-6.0070000000000014,2,"252,316",0,5,0,0.0,"-8,804",C1:C:C2:C:C:C:C3:C4:C:C:C:C5:C:C:C:C(:C(:C:1):C:2:3):C:5:4
2,p-Nitroanisole,-2.522,1,"153,137",0,1,2,52.37,"-2,410",COC1:C:C:C([N+](=O)[O-]):C:C:1
3,  Benzo(e)pyrene ,-6.0070000000000014,2,"252,316",0,5,0,0.0,"-7,800",C1:C:C:C2:C(:C:1):C1:C:C:C:C3:C:C:C4:C:C:C:C:2:C:4:C:3:1
4,p-benzidine,-2.613,1,"184,242",2,2,1,52.04,"-2,700",NC1:C:C:C(C2:C:C:C(N):C:C:2):C:C:1
5,Fluometuron,-3.065,1,"232,205",1,1,1,32.34,"-3,430",CN(C)C(=O)NC1:C:C:C:C(C(F)(F)F):C:1
6,Glafenine,-5.052,1,"372,808",3,3,6,91.68,"-4,571",O=C(OCC(O)CO)C1:C:C:C:C:C:1NC1:C:C:N:C2:C:C(Cl):C:C:C:1:2
7,  Pyrazon ,-2.603,1,"221,647",1,2,1,60.91,"-2,878",NC1:C:N:N(C2:C:C:C:C:C:2):C(=O):C:1Cl
8,Dienochlor,-7.848,1,"474,640",0,2,1,0.0,"-7,278",ClC1=C(Cl)C(Cl)(C2(Cl)C(Cl)=C(Cl)C(Cl)=C2Cl)C(Cl)=C1Cl
9,Cyclohexanol ,-1.261,1,"100,161",1,1,0,20.23,"-0,440",OC1CCCCC1
10,  uracil ,-0.441,1,"112,088",2,1,0,65.72,"-1,488",O=C1:C:C:[NH]:C(=O):[NH]:1
11,Methyl hydrazine,0.5429999999999999,1,"46,073",2,0,0,38.05,"1,340",CNN
12,Benzyltrifluoride,-3.099,1,"146,111",0,1,0,0.0,"-2,510",FC(F)(F)C1:C:C:C:C:C:1
13,2-Methylnapthalene,-3.802,1,"142,201",0,2,0,0.0,"-3,770",CC1:C:C:C2:C:C:C:C:C:2:C:1
14,caproaldehyde,-1.457,1,"100,161",0,0,4,17.07,"-1,300",CCCCCC=O
15,2-METHYL-1-BUTENE,-1.994,1,"70,135",0,0,1,0.0,"-2,730",C=C(C)CC
16,"2,3',5-pcb",-5.7620000000000005,1,"257,547",0,2,1,0.0,"-6,010",ClC1:C:C:C:C(C2:C:C(Cl):C:C:C:2Cl):C:1
17,Flucythrinate,-6.877999999999999,1,"451,469",0,3,9,68.55000000000001,"-6,876",CC(C)C(C(=O)OC(C#N)C1:C:C:C:C(OC2:C:C:C:C:C:2):C:1)C1:C:C:C(OC(F)F):C:C:1
18,4-Chlorotoluene,-3.297,1,"126,586",0,1,0,0.0,"-3,080",CC1:C:C:C(Cl):C:C:1
19,"2,3,5,6-Tetrachlorophenol",-4.203,1,"231,893",1,1,0,20.23,"-3,370",OC1:C(Cl):C(Cl):C:C(Cl):C:1Cl
20,methylthiouracil,-0.547,1,"142,183",2,1,0,48.65,"-2,436",CC1:C:C(=O):[NH]:C(=S):[NH]:1
21,megestrol acetate,-4.417,1,"384,516",0,4,2,60.44000000000001,"-5,350",CC(=O)OC1(C(C)=O)CCC2C3C=C(C)C4=CC(=O)CCC4(C)C3CCC21C
22,Pyrimidine,-0.884,2,"80,090",0,1,0,25.78,"1,100",C1:C:N:C:N:C:1
23,Acenapthylene,-3.682,2,"152,196",0,3,0,0.0,"-3,960",C1=CC2:C:C:C:C3:C:C:C:C1:C:2:3
24,5-ethyl-5-isopropylbarbituric acid,-1.6030000000000002,1,"198,222",2,1,2,75.27000000000002,"-2,148",CCC1(C(C)C)C(=O)NC(=O)NC1=O
25,Azintamide,-2.231,1,"259,762",0,1,5,46.09,"-1,716",CCN(CC)C(=O)CSC1:C:C:C(Cl):N:N:1
26,2-chloronapthalene,-4.063,1,"162,619",0,2,0,0.0,"-4,140",ClC1:C:C:C2:C:C:C:C:C:2:C:1
27,Bromomethane,-1.109,1,"94,939",0,0,0,0.0,"-0,790",CBr
28,Thiometon,-3.323,1,"246,359",0,0,7,18.46,"-3,091",CCSCCSP(=S)(OC)OC
29,  2-Methylheptane ,-3.3080000000000003,1,"114,232",0,0,4,0.0,"-5,080",CCCCCC(C)C
30,1-OCTYNE ,-2.509,1,"110,200",0,0,4,0.0,"-3,660",C#CCCCCCC
31,"2,4-Dimethylphenol",-2.6210000000000004,1,"122,167",1,1,0,20.23,"-1,190",CC1:C:C:C(O):C(C):C:1
32,1-Methylnaphthalene,-3.802,1,"142,201",0,2,0,0.0,"-3,700",CC1:C:C:C:C2:C:C:C:C:C:1:2
33,4-Methyl-2-pentanol,-1.308,1,"102,177",1,0,2,20.23,"-0,800",CC(C)CC(C)O
34,2-Pentanol,-0.97,1,"88,150",1,0,2,20.23,"-0,290",CCCC(C)O
35,Carbanilide,-3.611,1,"212,252",2,2,2,41.13,"-3,150",O=C(NC1:C:C:C:C:C:1)NC1:C:C:C:C:C:1
36,Camphor,-2.158,1,"152,237",0,2,0,17.07,"-1,960",CC12CCC(CC1=O)C2(C)C
37,2-Chloro-2-methylbutane,-2.278,1,"106,596",0,0,1,0.0,"-2,510",CCC(C)(C)Cl
38,hexacosane,-9.702,1,"366,718",0,0,23,0.0,"-8,334",CCCCCCCCCCCCCCCCCCCCCCCCCC
39,Triadimefon,-4.132,1,"293,754",0,2,4,57.01000000000001,"-3,610",CC(C)(C)C(=O)C(OC1:C:C:C(Cl):C:C:1)N1:C:N:C:N:1
40,"5,6,7,8-tetrahydro-2-naphthol",-3.0860000000000003,1,"148,205",1,2,0,20.23,"-1,990",OC1:C:C:C2:C(:C:1)CCCC2
41,biquinoline,-4.9030000000000005,2,"256,308",0,4,1,25.78,"-5,400",C1:C:C:C2:N:C(C3:C:C:C4:C:C:C:C:C:4:N:3):C:C:C:2:C:1
42,methylparaben,-2.441,1,"152,149",1,1,1,46.53,"-1,827",COC(=O)C1:C:C:C(O):C:C:1
43,isocarbamid,-1.508,1,"185,227",2,1,2,61.44000000000001,"-2,150",CC(C)CNC(=O)N1CCNC1=O
44,PENTYL ACETATE,-1.833,1,"130,187",0,0,4,26.3,"-1,890",CCCCCOC(C)=O
45,"3,3-Dimethyl-2-butanol",-1.2919999999999998,1,"102,177",1,0,0,20.23,"-0,620",CC(O)C(C)(C)C
46,2-Hydroxypyridine,-1.655,1,"95,101",1,1,0,33.120000000000005,"1,020",OC1:C:C:C:C:N:1
47,Hexane ,-2.615,1,"86,178",0,0,3,0.0,"-3,840",CCCCCC
48,Acrylonitrile,-0.354,1,"53,064",0,0,0,23.79,"0,150",C=CC#N
49,"1,3-Dibromobenzene",-4.298,1,"235,906",0,1,0,0.0,"-3,540",BrC1:C:C:C:C(Br):C:1
50,T-CROTONALDEHYDE,-0.604,1,"70,091",0,0,1,17.07,"0,320",C/C=C/C=O
51,"2,2',3,4,5-PCB",-6.709,1,"326,437",0,2,1,0.0,"-7,210",ClC1:C:C(Cl):C(C2:C:C:C:C(Cl):C:2Cl):C:C:1Cl
52,"2,4,5-TRICHLOROPHENOL ",-3.78,1,"197,448",1,1,0,20.23,"-2,210",OC1:C:C(Cl):C(Cl):C:C:1Cl
53,1-Propanol,-0.334,1,"60,096",1,0,1,20.23,"0,620",CCCO
54,Carvacrol,-3.224,1,"150,221",1,1,1,20.23,"-2,080",CC1:C:C:C(C(C)C):C:C:1O
55,"1,2-Dibromobenzene",-4.172,1,"235,906",0,1,0,0.0,"-3,500",BrC1:C:C:C:C:C:1Br
56,Isonazid,-0.7170000000000001,1,"137,142",2,1,1,68.01,"0,009",NNC(=O)C1:C:C:N:C:C:1
57,2-Nonanone,-2.263,1,"142,242",0,0,6,17.07,"-2,580",CCCCCCCC(C)=O
58,1-Hexyne ,-1.801,1,"82,146",0,0,2,0.0,"-2,360",C#CCCCC
59,Fluridone,-4.249,1,"329,321",0,3,2,22.0,"-4,445",CN1:C:C(C2:C:C:C:C:C:2):C(=O):C(C2:C:C:C:C(C(F)(F)F):C:2):C:1
60,Methylcyclohexane ,-2.891,1,"98,189",0,1,0,0.0,"-3,850",CC1CCCCC1
61,isophorone,-2.015,1,"138,210",0,1,0,17.07,"-1,060",CC1=CC(=O)CC(C)(C)C1
62,Testosterone,-3.659,1,"288,431",1,4,0,37.3,"-4,020",CC12CCC(=O)C=C1CCC1C2CCC2(C)C(O)CCC12
63,cytosine,0.051,1,"111,104",2,1,0,71.77000000000002,"-1,155",NC1:C:C:[NH]:C(=O):N:1
64,Propyl propanoate,-1.545,1,"116,160",0,0,3,26.3,"-1,340",CCCCC(=O)OC
65,4-hydroxypyridine,-1.655,1,"95,101",1,1,0,33.120000000000005,"1,020",OC1:C:C:N:C:C:1
66,o-nitrophenol,-2.318,1,"139,110",1,1,1,63.37,"-1,740",O=[N+]([O-])C1:C:C:C:C:C:1O
67,Diisopropyl ether ,-1.281,1,"102,177",0,0,2,9.23,"-1,100",CC(C)OC(C)C
68,allopurinol,-0.84,1,"136,114",2,2,0,74.43,"-2,266",O=C1:[NH]:C:N:C2:[NH]:N:C:C:1:2
69,adrenosterone,-2.99,1,"300,398",0,4,0,51.21,"-3,480",CC12CC(=O)C3C(CCC4=CC(=O)CCC43C)C1CCC2=O
70,1-Butanol,-0.688,1,"74,123",1,0,2,20.23,"0,000",CCCCO
71,"2,3,3',4,4'6-PCB",-7.746,1,"395,327",0,2,1,0.0,"-7,660",ClC1:C:C:C(C2:C(Cl):C:C(Cl):C(Cl):C:2Cl):C(Cl):C:1Cl
72,m-Fluorobromobenzene,-3.467,1,"175,000",0,1,0,0.0,"-2,670",FC1:C:C:C:C(Br):C:1
73,Etomidate,-3.359,1,"244,294",0,2,4,44.12,"-4,735",CCOC(=O)C1:C:N:C:N:1C(C)C1:C:C:C:C:C:1
74,piroxicam,-3.4730000000000003,1,"331,353",2,3,2,99.6,"-4,160",CN1C(C(=O)NC2:C:C:C:C:N:2)=C(O)C2:C:C:C:C:C:2S1(=O)=O
75,  2-Octanone ,-1.909,1,"128,215",0,0,5,17.07,"-2,050",CCCCCCC(C)=O
76,Malathion,-3.391,1,"330,364",0,0,9,71.06,"-3,370",CCOC(=O)CC(SP(=S)(OC)OC)C(=O)OCC
77,Pyrolan,-3.141,1,"245,282",0,2,2,47.36000000000001,"-2,090",CC1:C:C(OC(=O)N(C)C):N(C2:C:C:C:C:C:2):N:1
78,PHENMEDIPHAM,-4.229,1,"300,314",2,2,3,76.66,"-4,805",COC(=O)NC1:C:C:C:C(OC(=O)NC2:C:C:C:C(C):C:2):C:1
79,probarbital,-1.6030000000000002,1,"198,222",2,1,2,75.27000000000002,"-2,210",CCC1(C(C)C)C(=O)NC(=O)NC1=O
80,Picene,-6.617999999999999,2,"278,354",0,5,0,0.0,"-7,870",C1:C:C:C2:C(:C:1):C:C:C1:C:2:C:C:C2:C3:C:C:C:C:C:3:C:C:C:2:1
81,"2,4'-PCB",-5.142,1,"223,102",0,2,1,0.0,"-5,280",ClC1:C:C:C(C2:C:C:C:C:C:2Cl):C:C:1
82,Phenylthiourea,-1.7009999999999998,1,"152,222",2,1,1,38.05,"-1,770",NC(=S)NC1:C:C:C:C:C:1
83,4-Methylbiphenyl,-4.424,1,"168,239",0,2,1,0.0,"-4,620",CC1:C:C:C(C2:C:C:C:C:C:2):C:C:1
84,1-chlorobutane,-1.94,1,"92,569",0,0,2,0.0,"-2,030",CCCCCl
85,Valeraldehyde,-1.103,1,"86,134",0,0,3,17.07,"-0,850",CCCCC=O
86,1-Bromobutane,-2.303,1,"137,020",0,0,2,0.0,"-2,370",CCCCBr
87,  Aminocarb ,-2.677,1,"208,261",1,1,2,41.57,"-2,360",CNC(=O)OC1:C:C:C(N(C)C):C(C):C:1
88,Ethyl propionate,-1.1909999999999998,1,"102,133",0,0,2,26.3,"-0,660",CCOC(=O)CC
89,5-allyl-5-isopropylbarbital,-1.706,1,"210,233",2,1,3,75.27000000000002,"-1,708",C=CCC1(C(C)C)C(=O)NC(=O)NC1=O
90,Guaiacol,-1.941,1,"124,139",1,1,1,29.46,"-1,960",COC1:C:C:C:C:C:1O
91,4-Methylpentanol,-1.381,1,"102,177",1,0,3,20.23,"-1,140",CC(C)CCCO
92,RTI 5,-3.471,1,"253,305",0,3,1,36.44,"-3,324",CCN1C2:C:C:C:C:C:2N(C)C(=O)C2:C:C:C:N:C:21
93,1-Methylfluorene,-4.478,1,"180,250",0,3,0,0.0,"-5,220",CC1:C:C:C:C2:C:1CC1:C:C:C:C:C:12
94,Caffeine,-1.4980000000000002,1,"194,194",0,2,0,61.82,"-0,876",CN1:C(=O):C2:C(:N:C:N:2C):N(C):C:1=O
95,"  1,3-Dichloropropane ",-1.618,1,"112,987",0,0,2,0.0,"-1,620",ClCCCCl
96,uric acid,-0.541,1,"168,112",4,2,0,114.36999999999998,"-3,930",O=C1:[NH]:C(=O):C2:[NH]:C(=O):[NH]:C:2:[NH]:1
97,benzylurea,-1.509,1,"150,181",2,1,2,55.12000000000001,"-0,950",NC(=O)NCC1:C:C:C:C:C:1
98,Diethyl sulfide,-1.598,1,"90,191",0,0,2,0.0,"-1,340",CCSCC
99,o-Methoxyphenol,-1.941,1,"124,139",1,1,1,29.46,"-1,960",COC1:C:C:C:C:C:1O
100,Phenanthrene,-4.518,2,"178,234",0,3,0,0.0,"-5,260",C1:C:C:C2:C(:C:1):C:C:C1:C:C:C:C:C:1:2
101,dialifos,-5.026,1,"393,854",0,2,8,55.84,"-6,340",CCOP(=S)(OCC)SC(CCl)N1C(=O)C2:C:C:C:C:C:2C1=O
102,3-Chlorobiphenyl,-4.685,1,"188,657",0,2,1,0.0,"-4,880",ClC1:C:C:C:C(C2:C:C:C:C:C:2):C:1
103,2-Chloropropane,-1.585,1,"78,542",0,0,0,0.0,"-1,410",CC(C)Cl
104,1-Phenylethanol,-1.919,1,"122,167",1,1,1,20.23,"-0,920",CC(O)C1:C:C:C:C:C:1
105,"1,1,1-Trichloroethane",-2.232,1,"133,405",0,0,0,0.0,,CC(Cl)(Cl)Cl
106,Carbaryl,-3.087,1,"201,225",1,2,1,38.33,"-3,224",CNC(=O)OC1:C:C:C:C2:C:C:C:C:C:1:2
107,Di-n-propylsulfide,-2.307,1,"118,245",0,0,4,0.0,"-2,580",CCCSCCC
108,Dimethyldisulfide,-1.524,1,"94,204",0,0,1,0.0,"-1,440",CSSC
109,2-Pentanone,-0.846,1,"86,134",0,0,2,17.07,"-0,190",CCCC(C)=O
110,ERYTHRITOL,0.675,1,"122,120",4,0,3,80.92,"0,700",OCC(O)C(O)CO
111,PHENOLPHTHALEIN,-4.59,1,"318,328",2,4,2,66.76,"-2,900",O=C1OC(C2:C:C:C(O):C:C:2)(C2:C:C:C(O):C:C:2)C2:C:C:C:C:C:21
112,butyraldehyde,-0.7490000000000001,1,"72,107",0,0,2,17.07,"-0,010",CCCC=O
113,"3,3-Dimethyl-1-butanol",-1.365,1,"102,177",1,0,1,20.23,"-0,500",CC(C)(C)CCO
114,alachlor,-3.319,1,"269,772",0,1,6,29.54,"-3,260",CCC1:C:C:C:C(CC):C:1N(COC)C(=O)CCl
115,Anilofos,-5.106,1,"367,860",0,1,7,38.77,"-4,432",COP(=S)(OC)SCC(=O)N(C1:C:C:C(Cl):C:C:1)C(C)C
116,"2,3-Dimethylpentane",-2.938,1,"100,205",0,0,2,0.0,"-4,280",CCC(C)C(C)C
117,Diethyl ether ,-0.718,1,"74,123",0,0,2,9.23,"-0,090",CCOCC
118,3-methylindole,-2.9810000000000003,1,"131,178",1,2,0,15.79,"-2,420",CC1:C:[NH]:C2:C:C:C:C:C:1:2
119,Isofenphos,-4.538,1,"345,401",1,1,8,56.790000000000006,"-4,194",CCOP(=S)(NC(C)C)OC1:C:C:C:C:C:1C(=O)OC(C)C
120,2-Methylbutane,-2.245,1,"72,151",0,0,1,0.0,"-3,180",CCC(C)C
121,Biphenyl,-4.079,2,"154,212",0,2,1,0.0,"-4,345",C1:C:C:C(C2:C:C:C:C:C:2):C:C:1
122,9-Methylanthracene,-4.87,1,"192,261",0,3,0,0.0,"-5,890",CC1:C2:C:C:C:C:C:2:C:C2:C:C:C:C:C:1:2
123,thiouracil,-0.992,1,"128,156",2,1,0,45.75,"-2,273",O=C1:C:C:N:C(S):[NH]:1
124,bromopropylate,-5.832999999999998,1,"428,120",1,2,4,46.53,"-4,930",CC(C)OC(=O)C(O)(C1:C:C:C(Br):C:C:1)C1:C:C:C(Br):C:C:1
125,2-Methy-2-Butene,-1.994,1,"70,135",0,0,0,0.0,"-2,560",CC=C(C)C
126,Coronene,-6.885,2,"300,360",0,7,0,0.0,"-9,332",C1:C:C2:C:C:C3:C:C:C4:C:C:C5:C:C:C6:C:C:C:1:C1:C:2:C:3:C:4:C:5:C:6:1
127,"3,4-Dimethylphenol",-2.6210000000000004,1,"122,167",1,1,0,20.23,"-1,380",CC1:C:C:C(O):C:C:1C
128,"9,10-DIMETHYLANTHRACENE",-5.228,1,"206,288",0,3,0,0.0,"-6,570",CC1:C2:C:C:C:C:C:2:C(C):C2:C:C:C:C:C:1:2
129,aldosterone,-3.0660000000000003,1,"360,450",2,4,3,91.67000000000002,"-3,850",CC12CCC(=O)C=C1CCC1C2C(O)CC2(C=O)C(C(=O)CO)CCC12
130,Methyl butyl ether ,-1.072,1,"88,150",0,0,3,9.23,"-0,990",CCCCOC
131,Aniline ,-1.632,1,"93,129",1,1,0,26.02,"-0,410",NC1:C:C:C:C:C:1
132,Octane,-3.324,1,"114,232",0,0,5,0.0,"-5,240",CCCCCCCC
133,  Trichloromethane ,-1.812,1,"119,378",0,0,0,0.0,"-1,170",ClC(Cl)Cl
134,"2,2',3,4,4',5',6-PCB",-7.898,1,"395,327",0,2,1,0.0,"-7,920",ClC1:C:C:C(C2:C(Cl):C(Cl):C(Cl):C(Cl):C:2Cl):C(Cl):C:1
135,"2,2',3,3',5,5',6,6'-PCB",-8.304,1,"429,772",0,2,1,0.0,"-9,150",ClC1:C:C(Cl):C(Cl):C(C2:C(Cl):C(Cl):C:C(Cl):C:2Cl):C:1Cl
136,2-methoxypteridine,-1.589,1,"162,152",0,2,1,60.790000000000006,"-1,110",COC1:N:C:C2:N:C:C:N:C:2:N:1
137,"1,2-Dinitrobenzene",-2.281,1,"168,108",0,1,2,86.28,"-3,100",O=[N+]([O-])C1:C:C:C:C:C:1[N+](=O)[O-]
138,6-hydroxyquinoline,-2.725,1,"145,161",1,2,0,33.120000000000005,"-2,160",OC1:C:C:C2:N:C:C:C:C:2:C:1
139,3-Hexanone,-1.266,1,"100,161",0,0,3,17.07,"-0,830",CCCC(=O)CC
140,hydrobenzoin,-2.645,1,"214,264",2,2,3,40.46,"-1,930",OC(C1:C:C:C:C:C:1)C(O)C1:C:C:C:C:C:1
141,2-Bromonapthalene,-4.434,1,"207,070",0,2,0,0.0,"-4,400",BrC1:C:C:C2:C:C:C:C:C:2:C:1
142,"1,4-Dimethylnaphthalene ",-4.147,1,"156,228",0,2,0,0.0,"-4,140",CC1:C:C:C(C):C2:C:C:C:C:C:1:2
143,Stirofos,-4.32,1,"365,964",0,1,5,44.76000000000001,"-4,522",COP(=O)(OC)OC(=CCl)C1:C:C(Cl):C(Cl):C:C:1Cl
144,Nitrofen,-5.3610000000000015,1,"284,098",0,2,3,52.37,"-5,460",O=[N+]([O-])C1:C:C:C(OC2:C:C:C(Cl):C:C:2Cl):C:C:1
145,Sulfallate,-3.254,1,"223,794",0,0,4,3.24,"-3,390",C=C(Cl)CSC(=S)N(CC)CC
146,4-Methyl-2-pentanone,-1.1840000000000002,1,"100,161",0,0,2,17.07,NA,CC(=O)CC(C)C
147,"2,3',4',5-PCB",-6.312,1,"291,992",0,2,1,0.0,"-7,250",ClC1:C:C:C(Cl):C(C2:C:C:C(Cl):C(Cl):C:2):C:1
148,"2,3,4-trimethylpentane",-3.276,1,"114,232",0,0,2,0.0,"-4,800",CC(C)C(C)C(C)C
149,iodoethane,-2.066,1,"155,966",0,0,0,0.0,"-1,600",CCI
150,"1,2,3,4-tetrahydronapthalene",-3.447,2,"132,206",0,2,0,0.0,"-4,370",C1:C:C:C2:C(:C:1)CCCC2
151,5-Allyl-5-ethylbarbital,-1.368,1,"196,206",2,1,3,75.27000000000002,"-1,614",C=CCC1(CC)C(=O)NC(=O)NC1=O
152,Clomazone,-3.077,1,"239,702",0,2,2,29.54,"-2,338",CC1(C)CON(CC2:C:C:C:C:C:2Cl)C1=O
153,2-Methylanthracene,-4.87,1,"192,261",0,3,0,0.0,"-6,960",CC1:C:C:C2:C:C3:C:C:C:C:C:3:C:C:2:C:1
154,Decalin,-3.715,2,"138,254",0,2,0,0.0,"-5,190",C1CCC2CCCCC2C1
155,"1,1-Dichloroethylene",-1.939,1,"96,944",0,0,0,0.0,"-1,640",C=C(Cl)Cl
156,  Ethyl vinyl ether ,-0.857,1,"72,107",0,0,2,9.23,"-0,850",C=COCC
157,Cyclooctanol,-2.14,1,"128,215",1,1,0,20.23,"-1,290",OC1CCCCCCC1
158,Benzo(b)fluorene,-5.189,2,"216,283",0,4,0,0.0,"-8,040",C1:C:C:C2:C(:C:1)CC1:C:C3:C:C:C:C:C:3:C:C:12
159,Reposal,-2.781,1,"262,309",2,3,2,75.27000000000002,"-2,696",CCC1(C2=CCC3CCC2C3)C(=O)NC(=O)NC1=O
160,2-butenal,-0.604,1,"70,091",0,0,1,17.07,"0,320",CC=CC=O
161,2-Ethyltoluene,-3.2960000000000003,1,"120,195",0,1,1,0.0,NA,CCC1:C:C:C:C:C:1C
162,cyclobarbital,-2.421,1,"236,271",2,2,2,75.27000000000002,"-2,170",CCC1(C2=CCCCC2)C(=O)NC(=O)NC1=O
163,  o-Toluidine ,-1.922,1,"107,156",1,1,0,26.02,"-2,210",CC1:C:C:C:C:C:1N
164,Fluorobenzene,-2.514,1,"96,104",0,1,0,0.0,"-1,800",FC1:C:C:C:C:C:1
165,Fludrocortisone,-3.172,1,"380,456",3,4,2,94.83,"-3,430",CC12CCC(=O)C=C1CCC1C3CCC(O)(C(=O)CO)C3(C)CC(O)C12F
166,Buthidazole,-2.398,1,"256,331",1,2,1,69.56,"-1,877",CN1CC(O)N(C2:N:N:C(C(C)(C)C):S:2)C1=O
167,Flucythrinate,-6.877999999999999,1,"451,469",0,3,9,68.55000000000001,"-6,876",CC(C)C(C(=O)OC(C#N)C1:C:C:C:C(OC2:C:C:C:C:C:2):C:1)C1:C:C:C(OC(F)F):C:C:1
168,SUCCINIMIDE,0.282,1,"99,089",1,1,0,46.17,"0,300",O=C1CCC(=O)N1
169,Siduron,-3.779,1,"232,327",2,2,2,41.13,"-4,110",CC1CCCCC1NC(=O)NC1:C:C:C:C:C:1
170,bupirimate,-3.4930000000000003,1,"316,427",1,1,8,84.42,"-4,160",CCCCC1:C(C):N:C(NCC):N:C:1OS(=O)(=O)N(C)C
171,t-Pentylbenzene,-3.867,1,"148,249",0,1,1,0.0,"-4,150",CC(C)(C)CC1:C:C:C:C:C:1
172,  2-Ethyl-1-butanol ,-1.381,1,"102,177",1,0,3,20.23,"-1,170",CCC(CC)CO
173,Chlorodibromethane,-2.54,1,"208,280",0,0,0,0.0,"-1,900",ClC(Br)Br
174,chlorothiazide,-1.7519999999999998,1,"295,729",2,2,1,118.69,"-3,050",NS(=O)(=O)C1:C:C2:C(:C:C:1Cl)N=CNS2(=O)=O
175,2-Chlorophenol,-2.553,1,"128,558",1,1,0,20.23,"-1,060",OC1:C:C:C:C:C:1Cl
176,Nerol,-2.603,1,"154,253",1,0,4,20.23,"-2,460",CC(C)=CCC/C(C)=C\CO
177,RTI 6,-3.335,1,"313,361",2,3,4,81.59000000000002,"-3,360",CCN1C2:N:C(N(C)CCO):C:C:C:2NC(=O)C2:C:C:C:N:C:21
178,"1,4-Dibromobenzene",-4.298,1,"235,906",0,1,0,0.0,"-4,070",BrC1:C:C:C(Br):C:C:1
179,Ethyne,-0.252,1,"26,038",0,0,0,0.0,"0,290",C#C
180,  Chlorazine ,-3.663,1,"257,769",0,1,6,45.15000000000001,"-4,411",CCN(CC)C1:N:C(Cl):N:C(N(CC)CC):N:1
181,  Tetrafluthrin ,-6.339,1,"418,736",0,2,4,26.3,"-7,321",CC1:C(F):C(F):C(COC(=O)C2C(C=C(Cl)C(F)(F)F)C2(C)C):C(F):C:1F
182,Equilin,-3.555,1,"268,356",1,4,0,37.3,"-5,282",CC12CCC3C(=CCC4:C:C(O):C:C:C:43)C1CCC2=O
183,2-cyanoguanidine,0.361,1,"84,082",2,0,0,88.19,"-0,310",N#CN=C(N)N
184,Phosalone,-5.024,1,"367,816",0,2,7,53.6,"-5,233",CCOP(=S)(OCC)SCN1:C(=O):O:C2:C:C(Cl):C:C:C:2:1
185,  Anisole ,-2.3680000000000003,1,"108,140",0,1,1,9.23,"-1,850",COC1:C:C:C:C:C:1
186,3-Pentanone,-0.912,1,"86,134",0,0,2,17.07,"-0,280",CCC(=O)CC
187,ROVRAL,-4.004,1,"330,171",1,2,2,69.72,"-4,376",CC(C)NC(=O)N1CC(=O)N(C2:C:C(Cl):C:C(Cl):C:2)C1=O
188,p-Chlorobromobenzene,-3.928,1,"191,455",0,1,0,0.0,"-3,630",ClC1:C:C:C(Br):C:C:1
189,Ethyl-p-hydroxybenzoate ,-2.761,1,"166,176",1,1,2,46.53,"-2,350",CCOC(=O)C1:C:C:C(O):C:C:1
190,  3-Methylcholanthrene ,-6.311,1,"268,359",0,5,0,0.0,"-7,920",CC1:C:C:C2:C(:C:C:C3:C4:C5:C(:C:C:C:C:5:C:C:3:2)CC4):C:1
191,Benzylchloride,-2.887,1,"126,586",0,1,1,0.0,"-2,390",ClCC1:C:C:C:C:C:1
192,Methyl butyrate,-1.545,1,"116,160",0,0,3,26.3,"-0,820",CCCOC(=O)CC
193,Fluorene ,-4.125,2,"166,223",0,3,0,0.0,"-5,000",C1:C:C:C2:C(:C:1)CC1:C:C:C:C:C:12
194,2-Ethyl-2-hexanal,-2.081,1,"126,199",0,0,4,17.07,"-2,460",CCCC=C(C=O)CC
195,Coumatetralyl,-5.194,1,"292,334",1,4,1,50.44,"-2,840",O=C1:O:C2:C:C:C:C:C:2:C(O):C:1C1CCCC2:C:C:C:C:C:21
196,piperonal,-2.033,1,"150,133",0,2,1,35.53,"-1,630",O=CC1:C:C:C2:C(:C:1)OCO2
197,Pentylbenzene,-3.899,1,"148,249",0,1,4,0.0,"-4,640",CCCCCC1:C:C:C:C:C:1
198,2-Ethylhexanal,-2.232,1,"128,215",0,0,5,17.07,"-2,130",CCCCC(C=O)CC
199,butylbenzene,-3.585,1,"134,222",0,1,3,0.0,"-4,060",CCCCC1:C:C:C:C:C:1
200,Secobarbital,-2.415,1,"238,287",2,1,5,75.27000000000002,"-2,356",C=CCC1(C(C)CCC)C(=O)NC(=O)NC1=O
201,Procymidone,-3.464,1,"284,142",0,3,1,37.38,"-4,800",CC12CC1(C)C(=O)N(C1:C:C(Cl):C:C(Cl):C:1)C2=O
202,  diisooctyl phthalate ,-7.117000000000001,1,"390,564",0,1,14,52.60000000000001,"-6,637",CC(C)CCCCCOC(=O)C1:C:C:C:C:C:1C(=O)OCCCCCC(C)C
203,Benzocaine,-2.383,1,"165,192",1,1,2,52.32,"-2,616",CCOC(=O)C1:C:C:C(N):C:C:1
204,  m-Chloroaniline ,-2.392,1,"127,574",1,1,0,26.02,"-1,370",NC1:C:C:C:C(Cl):C:1
205,pentylcyclopentane,-3.869,1,"140,270",0,1,4,0.0,"-6,080",CCCCCC1CCCC1
206,PRIMIDONE,-1.897,1,"218,256",2,2,2,58.2,"-2,640",CCC1(C2:C:C:C:C:C:2)C(=O)NCNC1=O
207,"2,2',4,4',6,6'-PCB",-7.178999999999999,1,"360,882",0,2,1,0.0,"-8,710",ClC1:C:C(Cl):C(C2:C(Cl):C:C(Cl):C:C:2Cl):C(Cl):C:1
208,p-t-Butylphenol,-3.192,1,"150,221",1,1,0,20.23,"-2,410",CC(C)(C)C1:C:C:C(O):C:C:1
209,Hydrocortisone 21-acetate,-3.692,1,"404,503",2,4,3,100.90000000000002,"-4,880",CC(=O)OCC(=O)C1(O)CCC2C3CCC4=CC(=O)CCC4(C)C3C(O)CC21C
210,"2,4',5-PCB",-5.7620000000000005,1,"257,547",0,2,1,0.0,"-6,250",ClC1:C:C:C(C2:C:C(Cl):C:C:C:2Cl):C:C:1
211,"2,6-Dichlorophenol",-3.012,1,"163,003",1,1,0,20.23,"-1,790",OC1:C(Cl):C:C:C:C:1Cl
212,  Hexachloroethane ,-4.215,1,"236,740",0,0,0,0.0,"-3,670",ClC(Cl)(Cl)C(Cl)(Cl)Cl
213,Phenytoin,-3.057,1,"252,273",2,3,2,58.2,"-4,097",O=C1NC(=O)C(C2:C:C:C:C:C:2)(C2:C:C:C:C:C:2)N1
214,m-Nitroaniline,-1.936,1,"138,126",1,1,1,69.16,"-2,190",NC1:C:C:C:C([N+](=O)[O-]):C:1
215,2-Butanone,-0.491,1,"72,107",0,0,1,17.07,"0,520",CCC(C)=O
216,Menadione,-2.667,1,"172,183",0,2,0,34.14,"-3,030",CC1=CC(=O)C2:C:C:C:C:C:2C1=O
217,Phenacetin,-2.342,1,"179,219",1,1,3,38.33,"-2,350",CCOC1:C:C:C(NC(C)=O):C:C:1
218,thioanisole,-2.87,1,"124,208",0,1,1,0.0,"-2,390",CSC1:C:C:C:C:C:1
219,atrazine,-3.069,1,"215,688",2,1,4,62.73,"-3,850",CCNC1:N:C(Cl):N:C(NC(C)C):N:1
220,Niridazole,-1.948,1,"214,206",1,2,2,88.37,"-3,220",O=C1NCCN1C1:N:C:C([N+](=O)[O-]):S:1
221,Diethyldisulfide,-2.364,1,"122,258",0,0,3,0.0,"-2,420",CCSSCC
222,1-Pentene ,-2.01,1,"70,135",0,0,2,0.0,"-2,680",C=CCCC
223,REVERSE TRANSCRIPTASE INHIBITOR 1,-2.794,1,"254,293",0,3,1,49.33000000000001,"-2,620",CCN1C2:N:C:C:C:C:2C(=O)N(C)C2:C:C:C:N:C:21
224,Ditalimfos,-3.992,1,"299,288",0,2,5,55.84,"-3,350",CCOP(=S)(OCC)N1C(=O)C2:C:C:C:C:C:2C1=O
225,PROPYLBENZENE ,-3.281,1,"120,195",0,1,2,0.0,"-3,370",CCCC1:C:C:C:C:C:1
226,RTI 13,-4.45,1,"322,290",1,3,1,58.12000000000001,-,CCN1C2:N:C:C:C:C:2C(=O)NC2:C(C(F)(F)F):C:C(C):N:C:21
227,"1,1-Diethoxyethane ",-0.899,1,"118,176",0,0,4,18.46,"-0,430",CCOC(C)OCC
228,"trans-1,4-Dimethylcyclohexane",-3.305,1,"112,216",0,1,0,0.0,"-4,470",CC1CCC(C)CC1
229,Androsterone,-3.882,1,"290,447",1,4,0,37.3,"-4,402",CC12CCC3C(CCC4CC(O)CCC43C)C1CCC2=O
230,Eriodictyol,-3.152,1,"288,255",4,3,1,107.22,"-3,620",O=C1CC(C2:C:C:C(O):C(O):C:2)OC2:C:C(O):C:C(O):C:21
231,sulfaguanidine,-0.706,1,"214,250",4,1,2,122.06,"-1,990",N=C(N)NS(=O)(=O)C1:C:C:C(N):C:C:1
232,Metranidazole,-0.8590000000000001,1,"171,156",1,1,3,81.19,"-1,260",CC1:N:C:C([N+](=O)[O-]):N:1CCO
233,Oxazepam,-3.517,1,"286,718",2,3,1,61.69000000000001,"-3,952",O=C1NC2:C:C:C(Cl):C:C:2C(C2:C:C:C:C:C:2)=NC1O
234,4-Bromophenol,-3.132,1,"173,009",1,1,0,20.23,"-1,090",OC1:C:C:C(Br):C:C:1
235,Triclosan,-5.645,1,"289,545",1,2,2,29.46,"-4,460",OC1:C:C(Cl):C:C:C:1OC1:C:C:C(Cl):C:C:1Cl
236,p-Hydroxybenzaldehyde ,-2.003,1,"122,123",1,1,1,37.3,"-0,960",O=CC1:C:C:C(O):C:C:1
237,glucose,0.501,1,"180,156",5,1,1,110.38,"0,740",OCC1OC(O)C(O)C(O)C1O
238,"  2,6-Dinitrotoluene ",-2.553,1,"182,135",0,1,2,86.28,"-3,000",CC1:C([N+](=O)[O-]):C:C:C:C:1[N+](=O)[O-]
239,"1,2,4-Trimethylbenzene",-3.343,1,"120,195",0,1,0,0.0,"-3,310",CC1:C:C:C(C):C(C):C:1
240,Fenoxycarb,-4.662,1,"301,342",1,2,7,56.790000000000006,"-4,700",CCOC(=O)NCCOC1:C:C:C(OC2:C:C:C:C:C:2):C:C:1
241,3-Heptanol ,-1.6780000000000002,1,"116,204",1,0,4,20.23,"-1,470",CCCCC(O)CC
242,Thiram,-2.444,1,"240,444",0,0,0,6.48,"-3,900",CN(C)C(=S)SSC(=S)N(C)C
243,Vinclozolin,-4.377,1,"286,114",0,2,2,46.61,"-4,925",C=CC1(C)OC(=O)N(C2:C:C(Cl):C:C(Cl):C:2)C1=O
244,Monotropitoside,-1.493,1,"446,405",6,3,6,184.6,"-0,742",COC(=O)C1:C:C:C:C:C:1OC1OC(COC2OCC(O)C(O)C2O)C(O)C(O)C1O
245,bromadiolone,-7.877000000000002,1,"527,414",2,5,6,70.67,"-4,445",O=C1:O:C2:C:C:C:C:C:2:C(O):C:1C(CC(O)C1:C:C:C(C2:C:C:C(Br):C:C:2):C:C:1)C1:C:C:C:C:C:1
246,"1,2,4,5-Tetramethylbenzene",-3.664,1,"134,222",0,1,0,0.0,"-4,590",CC1:C:C(C):C(C):C:C:1C
247,Indapamide,-4.345,1,"365,842",2,3,3,92.5,"-3,586",CC1CC2:C:C:C:C:C:2N1NC(=O)C1:C:C:C(Cl):C(S(N)(=O)=O):C:1
248,rhodanine,-0.396,1,"133,197",1,1,0,29.1,"-1,770",O=C1CSC(=S)N1
249,Phoxim,-4.557,1,"298,304",0,1,7,63.84,"-4,862",CCOP(=S)(OCC)ON=C(C#N)C1:C:C:C:C:C:1
250,Phenetole,-2.66,1,"122,167",0,1,2,9.23,"-2,330",CCOC1:C:C:C:C:C:1
251,"P,P'-DDE",-6.553,1,"318,030",0,2,2,0.0,"-6,900",ClC(Cl)=C(C1:C:C:C(Cl):C:C:1)C1:C:C:C(Cl):C:C:1
252,COUMACHLOR,-4.553999999999999,1,"342,778",1,3,4,67.50999999999999,"-5,839",CC(=O)CC(C1:C:C:C(Cl):C:C:1)C1:C(O):C2:C:C:C:C:C:2:O:C:1=O
253,hydrochlorothiazide,-1.72,1,"297,745",3,2,1,118.36,"-2,630",NS(=O)(=O)C1:C:C2:C(:C:C:1Cl)NCNS2(=O)=O
254,Quinoline,-2.6630000000000003,2,"129,162",0,2,0,12.89,"-1,300",C1:C:C:C2:N:C:C:C:C:2:C:1
255,dexamethasone acetate,-3.933,1,"434,504",2,4,3,100.9,"-4,900",CC(=O)OCC(=O)C1(O)C(C)CC2C3CCC4=CC(=O)C=CC4(C)C3(F)C(O)CC21C
256,mercaptobenzothiazole,-3.411,1,"167,258",1,2,0,12.89,"-3,180",SC1:N:C2:C:C:C:C:C:2:S:1
257,Thiophenol ,-2.758,1,"110,181",1,1,0,0.0,"-2,120",SC1:C:C:C:C:C:1
258,Dieldrin,-4.533,1,"380,913",0,5,0,12.53,"-6,290",ClC1=C(Cl)C2(Cl)C3C4CC(C5OC45)C3C1(Cl)C2(Cl)Cl
259,2-Methylpropene,-1.5730000000000002,1,"56,108",0,0,0,0.0,"-2,330",C=C(C)C
260,"1,3-diethylthiourea",-1.028,1,"132,232",2,0,2,24.06,"-1,460",CCNC(=S)NCC
261,2-Phenoxyethanol,-1.761,1,"138,166",1,1,3,29.46,"-0,700",OCCOC1:C:C:C:C:C:1
262,3-METHYLBUTAN-1-OL,-1.027,1,"88,150",1,0,2,20.23,"-0,510",CC(C)CCO
263,dicofol,-6.268,1,"370,490",1,2,2,20.23,"-5,666",OC(C1:C:C:C(Cl):C:C:1)(C1:C:C:C(Cl):C:C:1)C(Cl)(Cl)Cl
264,Propylcyclopentane,-3.16,1,"112,216",0,1,2,0.0,"-4,740",CCCC1CCCC1
265,  2-Chlorotoluene ,-3.297,1,"126,586",0,1,0,0.0,"-3,520",CC1:C:C:C:C:C:1Cl
266,Reposal,-2.781,1,"262,309",2,3,2,75.27000000000002,"-2,696",CCC1(C2=CCC3CCC2C3)C(=O)NC(=O)NC1=O
267,CHLORBUFAM,-3.629,1,"223,659",1,1,2,38.33,"-2,617",C#CC(C)OC(=O)NC1:C:C:C:C(Cl):C:1
268,  7-methoxypteridine ,-1.589,1,"162,152",0,2,1,60.790000000000006,"-0,910",COC1:C:N:C2:C:N:C:N:C:2:N:1
269,m-chloronitrobenzene ,-2.901,1,"157,556",0,1,1,43.14,"-2,770",O=[N+]([O-])C1:C:C:C:C(Cl):C:1
270,1-octene ,-3.073,1,"112,216",0,0,5,0.0,"-4,440",C=CCCCCCC
271,bromopropylate,-5.832999999999998,1,"428,120",1,2,4,46.53,"-4,930",CC(C)OC(=O)C(O)(C1:C:C:C(Br):C:C:1)C1:C:C:C(Br):C:C:1
272,2-Chlorobutane,-1.94,1,"92,569",0,0,1,0.0,"-1,960",CCC(C)Cl
273,Diisopropylsulfide,-2.162,1,"118,245",0,0,2,0.0,"-2,240",CC(C)SC(C)C
274,3-chloropropionitrile,-0.522,1,"89,525",0,0,1,23.79,"-0,290",N#CCCCl
275,Chlorobenzene,-2.975,1,"112,559",0,1,0,0.0,"-2,380",ClC1:C:C:C:C:C:1
276,"2,3',4,4'-PCB",-6.709,1,"326,437",0,2,1,0.0,"-7,800",ClC1:C:C:C(C2:C:C:C(Cl):C(Cl):C:2Cl):C(Cl):C:1
277,2-bromonaphthalene,-4.434,1,н/д,0,2,0,0.0,"-4,400",BrC1:C:C:C2:C:C:C:C:C:2:C:1
278,2-Decanone,-2.617,1,"156,269",0,0,7,17.07,"-3,300",CCCCCCCCC(C)=O
279,LINALOOL,-2.399,1,"154,253",1,0,4,20.23,"-1,990",C=CC(C)(O)CCC=C(C)C
280,"1,3,5-Trinitrobenzene",-2.324,1,"213,105",0,1,3,129.42000000000002,"-2,890",O=[N+]([O-])C1:C:C([N+](=O)[O-]):C:C([N+](=O)[O-]):C:1
281,Malonic acid diethylester,-1.413,1,"160,169",0,0,4,52.60000000000001,"-0,820",CCOC(=O)CC(=O)OCC
282,Ethyl propyl ether,-1.072,1,"88,150",0,0,3,9.23,"-0,660",CCCOCC
283,dimethirimol,-3.57,1,"209,293",1,1,4,49.25000000000001,"-2,240",CCCCC1:C(C):N:C(N(C)C):N:C:1O
284,CYCLOHEPTANE,-2.9160000000000004,2,"98,189",0,1,0,0.0,"-3,510",C1CCCCCC1
285,prednisolone acetate,-3.507,1,"402,487",2,4,3,100.90000000000002,"-4,370",CC(=O)OCC(=O)C1(O)CCC2C3CCC4=CC(=O)C=CC4(C)C3C(O)CC21C
286,Lovastatin,-4.731,1,"404,547",1,3,6,72.83,"-6,005",CCC(C)C(=O)OC1CC(C)C=C2C=CC(C)C(CCC3CC(O)CC(=O)O3)C21
287,"1,2,4-trichlorobenzene",-4.083,1,"181,449",0,1,0,0.0,н/д,ClC1:C:C:C(Cl):C(Cl):C:1
288,"5,5-diallylbarbital",-1.471,1,"208,217",2,1,4,75.27000000000002,"-2,077",C=CCC1(CC=C)C(=O)NC(=O)NC1=O
289,Pentamethylbenzene,-3.993,1,"148,249",0,1,0,0.0,"-4,000",CC1:C:C(C):C(C):C(C):C:1C
290,"2,3,4,5,6-PCB",-6.785,1,"326,437",0,2,1,0.0,"-7,920",ClC1:C(Cl):C(Cl):C(C2:C:C:C:C:C:2):C(Cl):C:1Cl
291,D-fenchone,-2.158,1,"152,237",0,2,0,17.07,"-1,850",CC12CCC(C1)C(C)(C)C2=O
292,p-Chloronitrobenzene,-2.901,1,"157,556",0,1,1,43.14,"-2,920",O=[N+]([O-])C1:C:C:C(Cl):C:C:1
293,halothane,-2.608,1,"197,381",0,0,0,0.0,"-1,710",FC(F)(F)C(Cl)Br
294,Triethyl phosphate,-0.953,1,"182,156",0,0,6,44.76000000000001,"0,430",CCOP(=O)(OCC)OCC
295,Warfarin,-3.913,1,"308,333",1,3,4,67.50999999999999,"-3,893",CC(=O)CC(C1:C:C:C:C:C:1)C1:C(O):C2:C:C:C:C:C:2:O:C:1=O
296,m-Chlorobromobenzene,-3.928,1,"191,455",0,1,0,0.0,"-3,210",ClC1:C:C:C:C(Br):C:1
297,  3-Butanoyloxymethylphenytoin ,-3.469,1,"352,390",1,3,6,75.71,"-5,071",CCCC(=O)OCN1C(=O)NC(C2:C:C:C:C:C:2)(C2:C:C:C:C:C:2)C1=O
298,"2,3',4,4',5-PCB",-7.343,1,"360,882",0,2,1,0.0,"-7,390",ClC1:C:C:C(C2:C:C(Cl):C(Cl):C(Cl):C:2Cl):C(Cl):C:1
299,2-Methylphenanthrene,-4.87,1,"192,261",0,3,0,0.0,NA,CC1:C:C:C2:C(:C:C:C3:C:C:C:C:C:3:2):C:1
300,  1-Pentyne ,-1.446,1,"68,119",0,0,1,0.0,"-1,640",C#CCCC
301,3-Ethyl-3-pentanol,-1.663,1,"116,204",1,0,3,20.23,"-0,850",CCC(O)(CC)CC
302,terbacil,-3.033,1,"216,668",1,1,0,54.86,"-2,484",CC1:[NH]:C(=O):N(C(C)(C)C):C(=O):C:1Cl
303,Nitrapyrin,-3.833,1,"230,909",0,1,0,12.89,"-3,760",ClC1:C:C:C:C(C(Cl)(Cl)Cl):N:1
304,"3,4-Dichloronitrobenzene",-3.448,1,"192,001",0,1,1,43.14,"-3,200",O=[N+]([O-])C1:C:C:C(Cl):C(Cl):C:1
305,  DEF ,-4.074,1,"314,522",0,0,12,17.07,"-5,140",CCCCSP(=O)(SCCCC)SCCCC
306,4-hexylresorcinol,-3.4930000000000003,1,"194,274",2,1,5,40.46,"-2,590",CCCCCCC1:C:C:C(O):C:C:1O
307,2-Methylanthracene,-4.87,1,"192,261",0,3,0,0.0,"-6,960",CC1:C:C:C2:C:C3:C:C:C:C:C:3:C:C:2:C:1
308,"Etoposide (148-167,25mg/ml)",-3.292,1,"588,562",3,7,5,160.83,"-3,571",COC1:C:C(C2C3:C:C4:C(:C:C:3C(OC3OC5COC(C)OC5C(O)C3O)C3COC(=O)C23)OCO4):C:C(OC):C:1O
309,Bromophos,-5.604,1,-,0,1,4,27.69,"-6,090",COP(=S)(OC)OC1:C:C(Cl):C(Br):C:C:1Cl
310,1-Hexadecanol,-4.94,1,"242,447",1,0,14,20.23,"-7,000",CCCCCCCCCCCCCCCCO
311,1-ETHYLNAPHTHALENE ,-4.1,1,"156,228",0,2,1,0.0,"-4,170",CCC1:C:C:C:C2:C:C:C:C:C:1:2
312,Quinonamid,-3.988,1,"332,570",1,2,3,63.24,"-5,030",O=C(CC(Cl)Cl)NC1=C(Cl)C(=O)C2:C:C:C:C:C:2C1=O
313,"1,2,4,5-Tetrachlorobenzene",-4.621,1,"215,894",0,1,0,0.0,"-5,560",ClC1:C:C(Cl):C(Cl):C:C:1Cl
314,"2,3,5-Trichlorophenol",-3.78,1,"197,448",1,1,0,20.23,"-2,670",OC1:C:C(Cl):C:C(Cl):C:1Cl
315,Chloroxuron,-4.477,1,"290,750",1,2,3,41.57000000000001,"-4,890",CN(C)C(=O)NC1:C:C:C(OC2:C:C:C(Cl):C:C:2):C:C:1
316,pyracarbolid,-2.83,1,"217,268",1,2,2,38.33,"-2,560",CC1=C(C(=O)NC2:C:C:C:C:C:2)CCCO1
317,RTI 9,-3.784,1,"239,274",0,3,1,29.54,"-3,680",CCN1C(=O)C2:C:C:C:C:C:2OC2:C:C:C:C:C:21
318,estragole,-3.074,1,"148,205",0,1,3,9.23,"-2,920",C=CCC1:C:C:C(OC):C:C:1
319,danazol,-4.557,1,"337,463",1,5,0,46.26000000000001,"-5,507",C#CC1(O)CCC2C3CCC4=CC5:O:N:C:C:5CC4(C)C3CCC21C
320,Oxadiazon,-5.265,1,"345,226",0,2,3,57.26,"-5,696",CC(C)OC1:C:C(N2:N:C(C(C)(C)C):O:C:2=O):C(Cl):C:C:1Cl
321,Dichlorophen,-4.924,1,"269,127",2,2,2,40.46,"-3,953",OC1:C:C:C(Cl):C:C:1CC1:C:C(Cl):C:C:C:1O
322,chloroethylene,-1.188,1,"62,499",0,0,0,0.0,"-1,750",C=CCl
323,"2,2',6,6'-PCB",-5.915,1,"291,992",0,2,1,0.0,"-7,390",ClC1:C:C:C:C(Cl):C:1C1:C(Cl):C:C:C:C:1Cl
324,ALLANTOIN,0.652,1,"158,117",4,1,1,113.32,"-1,600",NC(=O)NC1NC(=O)NC1=O
325,CHLORZOXAZONE,-2.679,1,"169,567",1,2,0,46.0,"-2,831",O=C1:[NH]:C2:C:C(Cl):C:C:C:2:O:1
326,aminothiazole,-1.226,1,"100,146",1,1,0,38.91,"-0,360",NC1:N:C:C:S:1
327,Azobenzene,-4.034,2,"182,226",0,2,2,24.72,"-4,450",C1:C:C:C(N=NC2:C:C:C:C:C:2):C:C:1
328,Isopropalin,-5.306,1,"309,366",0,1,8,89.51999999999998,"-6,490",CCCN(CCC)C1:C([N+](=O)[O-]):C:C(C(C)C):C:C:1[N+](=O)[O-]
329,Triphenylene,-5.568,2,"228,294",0,4,0,0.0,"-6,726",C1:C:C:C2:C(:C:1):C1:C:C:C:C:C:1:C1:C:C:C:C:C:2:1
330,2-Butanone,-0.491,1,"72,107",0,0,1,17.07,"0,520",CCC(C)=O
331,Diazepam,-4.05,1,"284,746",0,3,1,32.67,"-3,754",CN1C(=O)CN=C(C2:C:C:C:C:C:2)C2:C:C(Cl):C:C:C:21
332,Permethrin,-7.129,1,"391,294",0,3,6,35.53,"-6,291",CC1(C)C(C=C(Cl)Cl)C1C(=O)OCC1:C:C:C:C(OC2:C:C:C:C:C:2):C:1
333,o-nitroaniline,-2.277,1,"138,126",1,1,1,69.16,"-1,960",NC1:C:C:C:C:C:1[N+](=O)[O-]
334,"1,2-Dichloropropane",-1.794,1,"112,987",0,0,1,0.0,"-1,600",CC(Cl)CCl
335,"1,3-DICHLOROBENZENE",-3.5580000000000003,1,"147,004",0,1,0,0.0,"-3,040",ClC1:C:C:C:C(Cl):C:1
336,ALLOXANTIN,0.919,1,"286,156",6,2,1,191.0,"-1,990",O=C1NC(=O)C(O)(C2(O)C(=O)NC(=O)NC2=O)C(=O)N1
337,Cypermethrin,-6.775,1,"416,304",0,3,6,59.32000000000001,"-8,017",CC1(C)C(C=C(Cl)Cl)C1C(=O)OC(C#N)C1:C:C:C:C(OC2:C:C:C:C:C:2):C:1
338,m-Nitrophenol,-2.318,1,"139,110",1,1,1,63.37,"-1,010",O=[N+]([O-])C1:C:C:C:C(O):C:1
339,ETHINYL ESTRADIOL,-4.317,1,"296,410",2,4,0,40.46,"-4,300",C#CC1(O)CCC2C3CCC4:C:C(O):C:C:C:4C3CCC21C
340,Equilenin,-3.927,1,"266,340",1,4,0,37.3,"-5,240",CC12CCC3:C(:C:C:C4:C:C(O):C:C:C:3:4)C1CCC2=O
341,5-hydroxyquinoline,-2.725,1,"145,161",1,2,0,33.120000000000005,"-2,540",OC1:C:C:C:C2:N:C:C:C:C:1:2
342,BENZO(A)PYRENE,-6.0070000000000014,2,"252,316",0,5,0,0.0,"-8,699",C1:C:C:C2:C(:C:1):C:C1:C:C:C3:C:C:C:C4:C:C:C:2:C:1:C:3:4
343,m-chloroiodobenzene,-4.384,1,"238,455",0,1,0,0.0,"-3,550",ClC1:C:C:C:C(I):C:1
344,Carboxin,-2.927,1,"235,308",1,2,2,38.33,"-3,140",CC1=C(C(=O)NC2:C:C:C:C:C:2)SCCO1
345,Triallate,-4.578,1,"304,670",0,0,4,20.31,"-4,880",CC(C)N(C(=O)SCC(Cl)=C(Cl)Cl)C(C)C
346,5-methylchrysene,-5.931,1,"242,321",0,4,0,0.0,"-6,590",CC1:C:C2:C:C:C:C:C:2:C2:C:C:C3:C:C:C:C:C:3:C:1:2
347,Chloropicrin,-1.866,1,"164,375",0,0,0,43.14,"-2,000",O=[N+]([O-])C(Cl)(Cl)Cl
348,p-Fluoroacetanilide,-2.181,1,"153,156",1,1,1,29.1,"-1,780",CC(=O)NC1:C:C:C(F):C:C:1
349,3-Methyl-2-pentanol,-1.308,1,,1,0,3,20.23,"-0,710",CCC(C)CCO
350,"2,2-Dimethylbutane",-2.584,1,"86,178",0,0,0,0.0,"-3,550",CCC(C)(C)C
351,"cis 1,2-Dichloroethylene",-1.561,1,"96,944",0,0,0,0.0,"-1,300",Cl/C=C\Cl
352,4-Ethyltoluene,-3.3280000000000003,1,"120,195",0,1,1,0.0,"-3,110",CCC1:C:C:C(C):C:C:1
353,AZODRIN,-0.949,1,"223,165",1,0,5,73.86,"0,651",CNC(=O)C=C(C)OP(=O)(OC)OC
354,Bromodichloromethane,-2.176,1,"163,829",0,0,0,0.0,"-1,540",ClC(Cl)Br
355,"  1,2-Dichloroethane ",-1.374,1,"98,960",0,0,1,0.0,"-1,060",ClCCCl
356,  oryzalin ,-3.784,1,"346,365",1,1,8,149.67999999999995,"-5,160",CCCN(CCC)C1:C([N+](=O)[O-]):C:C(S(N)(=O)=O):C:C:1[N+](=O)[O-]
357,"1,4-Dichlorobenzene",-3.5580000000000003,1,"147,004",0,1,0,0.0,"-3,270",ClC1:C:C:C(Cl):C:C:1
358,dimetan,-2.3040000000000003,1,"211,261",0,1,1,46.61,"-0,850",CN(C)C(=O)OC1=CC(=O)CC(C)(C)C1
359,1-Iodonapthalene,-4.888999999999999,1,"254,070",0,2,0,0.0,"-4,550",IC1:C:C:C:C2:C:C:C:C:C:1:2
360,Propylisopropylether,-1.354,1,"102,177",0,0,3,9.23,"-1,340",CCCOC(C)C
361,o-Nitrotoluene,-2.589,1,"137,138",0,1,1,43.14,"-2,330",CC1:C:C:C:C:C:1[N+](=O)[O-]
362,EICOSANE,-7.576,1,"282,556",0,0,17,0.0,"-8,172",CCCCCCCCCCCCCCCCCCCC
363,"1,2,4-tribromobenzene",-5.144,1,"314,802",0,1,0,0.0,"-4,500",BrC1:C:C:C(Br):C(Br):C:1
364,Flurochloridone,-4.749,1,"312,118",0,2,2,20.31,"-4,047",O=C1C(Cl)C(CCl)CN1C1:C:C:C:C(C(F)(F)F):C:1
365,"1,3-Dinitrobenzene",-2.281,1,"168,108",0,1,2,86.28,-,O=[N+]([O-])C1:C:C:C:C([N+](=O)[O-]):C:1
366,Thiophene,-2.232,2,"84,143",0,1,0,0.0,"-1,330",C1:C:C:S:C:1
367,3-Methyl-2-butanol,-0.954,1,"88,150",1,0,1,20.23,"-0,180",CC(C)C(C)O
368,  Butyl acetate ,-1.111,1,"102,133",0,0,4,26.3,"-1,370",CCCCOC=O
369,"2,2-Dimethyl-1-butanol",-1.365,1,"102,177",1,0,2,20.23,"-1,040",CCC(C)(C)CO
370,1-Chloropentane,-2.294,1,"106,596",0,0,3,0.0,"-2,730",CCCCCCl
371,"2,3,4-Trichlorophenol",-3.705,1,"197,448",1,1,0,20.23,"-2,670",OC1:C:C:C(Cl):C(Cl):C:1Cl
372,5-Ethyl-5-(3-methylbutyl)barbital,-2.312,1,"226,276",2,1,4,75.27000000000002,"-2,658",CCC1(CCC(C)C)C(=O)NC(=O)NC1=O
373,t-Butylbenzene ,-3.554,1,"134,222",0,1,0,0.0,"-3,660",CC(C)(C)C1:C:C:C:C:C:1
374,Carbetamide,-2.29,1,"236,271",2,1,4,67.42999999999999,"-1,830",CCNC(=O)C(C)OC(=O)NC1:C:C:C:C:C:1
375,"1,1,1,2-Tetrachloroethane",-2.794,1,"167,850",0,0,0,0.0,"-2,180",ClCC(Cl)(Cl)Cl
376,p-Cresol,-2.313,1,"108,140",1,1,0,20.23,"-0,730",CC1:C:C:C(O):C:C:1
377,CIS-2-PENTENE,-2.076,1,"70,135",0,0,1,0.0,"-2,540",C/C=C\CC
378,Fenothiocarb,-3.297,1,"253,367",0,1,6,29.540000000000006,"-3,927",CN(C)C(=O)SCCCCOC1:C:C:C:C:C:1
379,"1,3-BENZENEDIOL",-1.59,1,"110,112",2,1,0,40.46,"0,810",OC1:C:C:C:C(O):C:1
380,phenobarbital,-2.272,1,"232,239",2,2,2,75.27000000000002,"-2,322",CCC1(C2:C:C:C:C:C:2)C(=O)NC(=O)NC1=O
381,"1,2-Diethylbenzene",-3.6010000000000004,1,"134,222",0,1,2,0.0,"-3,280",CCC1:C:C:C:C:C:1CC
382,3-hexanol,-1.324,1,"102,177",1,0,3,20.23,"-0,800",CCCC(O)CC
383,2-Nitropropane,-0.743,1,"89,094",0,0,1,43.14,"-0,620",CC(C)[N+](=O)[O-]
384,p-bromoiodobenzene,-4.754,1,"282,906",0,1,0,0.0,"-4,560",BrC1:C:C:C(I):C:C:1
385,1-Chloro-2-bromoethane,-1.7380000000000002,1,"143,411",0,0,1,0.0,"-1,320",ClCCBr
386,Fluvalinate,-8.057,1,"502,920",1,3,8,71.35,"-8,003",CC(C)C(NC1:C:C:C(C(F)(F)F):C:C:1Cl)C(=O)OC(C#N)C1:C:C:C:C(OC2:C:C:C:C:C:2):C:1
387,  2-Methylpropane ,-1.891,1,"58,124",0,0,0,0.0,"-2,550",CC(C)C
388,p-terphenyl,-5.7410000000000005,2,"230,310",0,3,2,0.0,"-7,110",C1:C:C:C(C2:C:C:C(C3:C:C:C:C:C:3):C:C:2):C:C:1
389,Anthraquinone,-3.34,1,"208,216",0,3,0,34.14,"-5,190",O=C1C2:C:C:C:C:C:2C(=O)C2:C:C:C:C:C:21
390,Pebulate,-3.131,1,"203,351",0,0,6,20.31,"-3,530",CCCCN(CC)C(=O)SCCC
391,Betamethasone-17-valerate,-5.062,1,"476,585",2,4,6,100.90000000000002,"-4,710",CCCCC(=O)OC1(C(=O)CO)C(C)CC2C3CCC4=CC(=O)C=CC4(C)C3(F)C(O)CC21C
392,norbormide,-4.238,1,"511,581",2,7,5,92.18,"-3,931",O=C1NC(=O)C2C3C(C(O)(C4:C:C:C:C:C:4)C4:C:C:C:C:N:4)=CC(C3=C(C3:C:C:C:C:C:3)C3:C:C:C:C:N:3)C12
393,1-BROMOPENTANE,-2.658,1,"151,047",0,0,3,0.0,"-3,080",CCCCCBr
394,Isopentyl formate,-1.449,1,"116,160",0,0,4,26.3,"-1,520",CC(C)CCOC=O
395,Salicin,-0.975,1,"286,280",5,2,4,119.61,"-0,850",OCC1:C:C:C:C:C:1OC1OC(CO)C(O)C(O)C1O
396,metharbital,-1.658,1,"198,222",1,1,2,66.48,"-2,230",CCC1(CC)C(=O)NC(=O)N(C)C1=O
397,1-Nonanol,-2.46,1,"144,258",1,0,7,20.23,"-3,010",CCCCCCCCCO
398,Ronnel,-5.247000000000001,1,"321,549",0,1,4,27.69,"-5,720",COP(=S)(OC)OC1:C:C(Cl):C(Cl):C:C:1Cl
399,chlordimeform,-3.164,1,"196,681",0,1,2,15.6,"-2,860",CC1:C:C(Cl):C:C:C:1N=CN(C)C
400,oxyphenbutazone,-3.739,1,"324,380",1,3,5,60.85000000000001,"-3,730",CCCCC1C(=O)N(C2:C:C:C:C:C:2)N(C2:C:C:C(O):C:C:2)C1=O
401,Dihexyl phthalate,-5.757999999999999,1,"334,456",0,1,12,52.60000000000001,"-6,144",CCCCCCOC(=O)C1:C:C:C:C:C:1C(=O)OCCCCCC
402,Butabarbital,-1.958,1,"212,249",2,1,3,75.27000000000002,"-2,390",CCC(C)C1(CC)C(=O)NC(=O)NC1=O
403,5-Nonanone,-2.329,1,"142,242",0,0,6,17.07,"-2,580",CCCCC(=O)CCCC
404,HYDROXYCHLORDENE,-4.1560000000000015,1,"354,875",1,3,0,20.23,"-5,460",OC1C=CC2C1C1(Cl)C(Cl)=C(Cl)C2(Cl)C1(Cl)Cl
405,O-Ethyl carbamate,-0.218,1,"89,094",1,0,1,52.32,"0,850",CCOC(N)=O
406,Oxamyl,-0.908,1,"219,266",1,0,1,70.99999999999999,"0,106",CNC(=O)ON=C(SC)C(=O)N(C)C
407,1-Nonene ,-3.427,1,"126,243",0,0,6,0.0,"-5,050",C=CCCCCCCC
408,Dexamethasone,-3.4,1,"392,467",3,4,2,94.83,"-3,590",CC1CC2C3CCC4=CC(=O)C=CC4(C)C3(F)C(O)CC2(C)C1(O)C(=O)CO
409,3-Methylheptane,-3.3080000000000003,1,"114,232",0,0,4,0.0,"-5,160",CCCCC(C)CC
410,1-Bromonapthalene,-4.434,1,"207,070",0,2,0,0.0,"-4,350",BrC1:C:C:C:C2:C:C:C:C:C:1:2
411,2-Chloroanisole,-2.912,1,"142,585",0,1,1,9.23,"-2,460",COC1:C:C:C:C:C:1Cl
412,Flucytosine,-0.132,1,"129,094",2,1,0,71.77,"-0,972",NC1:N:C(=O):[NH]:C:C:1F
413,"2,6-Dimethylphenol",-2.589,1,"122,167",1,1,0,20.23,"-1,290",CC1:C:C:C:C(C):C:1O
414,"3,5-Dimethylphenol",-2.652,1,"122,167",1,1,0,20.23,"-1,400",CC1:C:C(C):C:C(O):C:1
415,Toluene ,-2.713,1,"92,141",0,1,0,0.0,"-2,210",CC1:C:C:C:C:C:1
416,pregnenolone,-4.342,1,"316,485",1,4,1,37.3,"-4,650",CC(=O)C1CCC2C3CC=C4CC(O)CCC4(C)C3CCC12C
417,RTI 23,-4.228,1,"283,331",1,3,2,54.46,"-5,153",CCN1C2:C:C(OC):C:C(C):C:2NC(=O)C2:C:C:C:N:C:21
418,"2,4-Dichlorophenol ",-3.22,1,"163,003",1,1,0,20.23,"-1,550",OC1:C:C:C(Cl):C:C:1Cl
419,  Estradiol ,-4.138,1,"272,388",2,4,0,40.46,"-5,030",CC12CCC3C4:C:C:C(O):C:C:4CCC3C1CCC2O
420,epiandrosterone,-3.882,1,"290,447",1,4,0,37.3,"-4,160",CC12CCC3C(CCC4CC(O)CCC43C)C1CCC2=O
421,Acetanilide,-1.857,1,"135,166",1,1,1,29.1,"-1,330",CC(=O)NC1:C:C:C:C:C:1
422,3-methylphenol,-2.313,1,"108,140",1,1,0,20.23,"-0,680",CC1:C:C:C:C(O):C:1
423,1-Chlorohexane,-2.648,1,"120,623",0,0,4,0.0,"-3,120",CCCCCCCl
424,  Dapsone ,-2.464,1,"248,307",2,2,2,86.18,"-3,094",NC1:C:C:C(S(=O)(=O)C2:C:C:C(N):C:C:2):C:C:1
425,3-Methyl-3-pentanol,-1.308,1,-,1,0,2,20.23,"-0,360",CCC(C)(O)CC
426,napropamide,-4.088,1,"271,360",0,2,5,29.540000000000006,"-3,570",CCN(CC)C(=O)C(C)OC1:C:C:C:C2:C:C:C:C:C:1:2
427,Isopropylbenzene ,-3.265,1,"120,195",0,1,1,0.0,"-3,270",CC(C)C1:C:C:C:C:C:1
428,atratone,-3.185,1,"211,269",2,1,5,71.96000000000002,"-2,084",CCNC1:N:C(NC(C)C):N:C(OC):N:1
429,"1,4-Benzenediol",-1.59,1,"110,112",2,1,0,40.46,"-0,170",OC1:C:C:C(O):C:C:1
430,minoxidil,-1.809,1,"209,253",2,2,1,95.11,"-1,989",NC1:C:C(N2CCCCC2):N:C(N):[N+]:1[O-]
431,Bendroflumethiazide,-3.741,1,"421,422",3,3,3,118.36,"-3,590",NS(=O)(=O)C1:C:C2:C(:C:C:1C(F)(F)F)NC(CC1:C:C:C:C:C:1)NS2(=O)=O
432,ethion,-5.471,1,"384,487",0,0,12,36.92,"-5,540",CCOP(=S)(OCC)SCSP(=S)(OCC)OCC
433,  Methoproptryne ,-3.259,1,"271,390",2,1,8,71.96000000000002,"-2,928",COCCCNC1:N:C(NC(C)C):N:C(SC):N:1
434,Dibenzofurane,-4.2010000000000005,2,"168,195",0,3,0,13.14,"-4,600",C1:C:C:C2:C(:C:1):O:C1:C:C:C:C:C:1:2
435,glutethimide,-2.591,1,"217,268",1,2,2,46.17,"-2,337",CCC1(C2:C:C:C:C:C:2)CCC(=O)NC1=O
436,nicotinamide,-0.964,1,"122,127",1,1,1,55.98,"0,610",NC(=O)C1:C:C:C:N:C:1
437,Cyclobutyl-5-spirobarbituric acid,-0.527,1,"168,152",2,2,0,75.27,"-1,655",O=C1NC(=O)C2(CCC2)C(=O)N1
438,Lactose,1.071,1,"342,297",8,2,4,189.53,"-0,244",OCC1OC(OC2C(CO)OC(O)C(O)C2O)C(O)C(O)C1O
439,Triamterene,-3.051,1,"253,269",3,3,1,129.62,"-2,404",NC1:N:C(N):C2:N:C(C3:C:C:C:C:C:3):C(N):N:C:2:N:1
440,simazine,-2.8110000000000004,1,"201,661",2,1,4,62.73,"-4,550",CCNC1:N:C(Cl):N:C(NCC):N:1
441,Hexylbenzene ,-4.22,1,"162,276",0,1,5,0.0,"-5,210",CCCCCCC1:C:C:C:C:C:1
442,Ethyl butyrate,-2.254,1,"144,214",0,0,5,26.3,"-1,280",CCCCCOC(=O)CC
443,Ethyl formate,-0.402,1,"74,079",0,0,2,26.3,"0,150",CCOC=O
444,isobutyl acetate,-1.463,1,"116,160",0,0,2,26.3,"-1,210",CC(=O)OCC(C)C
445,d-Limonene,-3.429,1,"136,238",0,1,1,0.0,"-4,260",C=C(C)C1CC=C(C)CC1
446,"1,5-Hexadiene ",-2.112,1,"82,146",0,0,3,0.0,"-2,680",C=CCCC=C
447,Chrysene,-5.568,2,"228,294",0,4,0,0.0,"-8,057",C1:C:C:C2:C(:C:1):C:C:C1:C3:C:C:C:C:C:3:C:C:C:2:1
448,Dimefuron,-3.831,1,"338,795",1,2,2,80.37,"-4,328",CN(C)C(=O)NC1:C:C:C(N2:N:C(C(C)(C)C):O:C:2=O):C(Cl):C:1
449,"7,12-Dimethylbenz(a)anthracene",-6.2970000000000015,1,"256,348",0,4,0,0.0,NA,CC1:C2:C:C:C:C:C:2:C(C):C2:C:1:C:C:C1:C:C:C:C:C:1:2
450,Ethane,-1.132,1,"30,070",0,0,0,0.0,"-1,360",CC
451,Metronidazole,-0.8590000000000001,1,"171,156",1,1,3,81.19,"-1,220",CC1:N:C:C([N+](=O)[O-]):N:1CCO
452,"2,4,6-Trinitrotoluene",-2.6060000000000003,1,"227,132",0,1,3,129.42000000000002,"-3,220",CC1:C([N+](=O)[O-]):C:C([N+](=O)[O-]):C:C:1[N+](=O)[O-]
453,"1,4-Cyclohexadiene",-1.842,2,"80,130",0,1,0,0.0,"-2,060",C1=CCC=CC1
454,"2,2',3,3',4,4',5,5'-pcb",-8.468,1,"429,772",0,2,1,0.0,"-9,160",ClC1:C:C(C2:C:C(Cl):C(Cl):C(Cl):C:2Cl):C(Cl):C(Cl):C:1Cl
455,Ethyl decanoate,-3.671,1,"200,322",0,0,9,26.3,"-4,100",CCCCCCCCCC(=O)OCC
456,6-aminochrysene,-4.849,1,"243,309",1,4,0,26.02,"-6,200",NC1:C:C2:C3:C:C:C:C:C:3:C:C:C:2:C2:C:C:C:C:C:1:2
457,"1,2-Propylene oxide",-0.358,1,"58,080",0,1,0,12.53,"-0,590",CC1CO1
458,  1-Bromoheptane ,-3.366,1,"179,101",0,0,5,0.0,"-4,430",CCCCCCCBr
459,  Trichlorfon ,-1.866,1,"257,437",1,0,3,55.76000000000001,"-0,220",COP(=O)(OC)C(O)C(Cl)(Cl)Cl
460,eucalyptol,-2.579,1,"154,253",0,3,0,9.23,"-1,640",CC12CCC(CC1)C(C)(C)O2
461,Dimecron,-2.426,1,"299,691",0,0,8,65.07000000000001,н/д,CCN(CC)C(=O)C(Cl)=CCOP(=O)(OC)OC
462,p-Nitrotoluene,-2.64,1,"137,138",0,1,1,43.14,"-2,490",CC1:C:C:C([N+](=O)[O-]):C:C:1
463,1-Chloronapthalene,-4.063,1,"162,619",0,2,0,0.0,"-3,930",ClC1:C:C:C:C2:C:C:C:C:C:1:2
464,Phorate,-3.747,1,"260,386",0,0,8,18.46,"-4,110",CCOP(=S)(OCC)SCSCC
465,1-Butene,-1.655,1,"56,108",0,0,1,0.0,"-1,940",C=CCC
466,"2,4-Dimethylpyridine",-2.0980000000000003,1,"107,156",0,1,0,12.89,"0,380",CC1:C:C:N:C(C):C:1
467,"5,5-Diisopropylbarbital",-1.942,1,"212,249",2,1,2,75.27000000000002,"-2,766",CC(C)C1(C(C)C)C(=O)NC(=O)NC1=O
468,phthalimide,-1.882,1,"147,133",1,2,0,46.17,"-2,610",O=C1NC(=O)C2:C:C:C:C:C:21
469,Napthacene,-5.568,2,"228,294",0,4,0,0.0,"-8,600",C1:C:C:C2:C:C3:C:C4:C:C:C:C:C:4:C:C:3:C:C:2:C:1
470,Cyclohexane,-2.477,2,"84,162",0,1,0,0.0,"-3,100",C1CCCCC1
471,RTI 5,-3.471,1,"253,305",0,3,1,36.44,"-3,324",CCN1C2:C:C:C:C:C:2N(C)C(=O)C2:C:C:C:N:C:21
472,o-Chlorobromobenzene,-3.84,1,"191,455",0,1,0,0.0,"-3,190",ClC1:C:C:C:C:C:1Br
473,"2,2,3-Trimethylbutane",-2.922,1,"100,205",0,0,0,0.0,,CC(C)C(C)(C)C
474,DDT,-6.638,1,"354,491",0,2,2,0.0,"-7,150",ClC1:C:C:C(C(C2:C:C:C(Cl):C:C:2)C(Cl)(Cl)Cl):C:C:1
475,ethiofencarb,-2.855,1,"225,313",1,1,4,38.33,"-2,090",CCSCC1:C:C:C:C:C:1OC(=O)NC
476,phthalonitrile,-1.717,1,"128,134",0,1,0,47.58,"-2,380",N#CC1:C:C:C:C:C:1C#N
477,  Dimethoxymethane ,0.092,1,"76,095",0,0,2,18.46,"0,480",COCOC
478,MEDROGESTONE,-4.593,1,"340,507",0,4,1,34.14,"-5,270",CC(=O)C1(C)CCC2C3C=C(C)C4=CC(=O)CCC4(C)C3CCC21C
479,BENZOTRIAZOLE,-2.21,2,"119,127",1,2,0,41.57,"-0,780",C1:C:C:C2:[NH]:N:N:C:2:C:1
480,  Fructose ,0.471,1,"180,156",5,1,2,110.38,"0,640",OCC1OC(O)(CO)C(O)C1O
481,Trietazine,-3.233,1,"229,715",1,1,5,53.94000000000001,"-4,060",CCNC1:N:C(Cl):N:C(N(CC)CC):N:1
482,TESTOSTERONE ACETATE,-4.449,1,"330,468",0,4,1,43.37000000000001,"-5,184",CC(=O)OC1CCC2C3CCC4=CC(=O)CCC4(C)C3CCC12C
483,5-fluorouracil,-0.792,1,"130,078",2,1,0,65.72,"-1,077",O=C1:[NH]:C:C(F):C(=O):[NH]:1
484,parabanic acid,1.091,1,"114,060",2,1,0,75.27,"-0,400",O=C1NC(=O)C(=O)N1
485,dioctyl phthalate,-7.148,1,"390,564",0,1,16,52.60000000000001,"-5,115",CCCCCCCCOC(=O)C1:C:C:C:C:C:1C(=O)OCCCCCCCC
486,1-Nitronapthalene,-3.414,1,"173,171",0,2,1,43.14,"-3,540",O=[N+]([O-])C1:C:C:C:C2:C:C:C:C:C:1:2
487,"  O,P'-DDD ",-6.007999999999999,1,"320,046",0,2,3,0.0,"-6,510",ClC1:C:C:C(C(C2:C:C:C:C:C:2Cl)C(Cl)Cl):C:C:1
488,1-Napthylamine,-2.721,1,"143,189",1,2,0,26.02,"-1,920",NC1:C:C:C:C2:C:C:C:C:C:1:2
489,Trifluralin,-5.205,1,"335,282",0,1,7,89.51999999999998,"-5,680",CCCN(CCC)C1:C([N+](=O)[O-]):C:C(C(F)(F)F):C:C:1[N+](=O)[O-]
490,Buthidazole,-2.398,1,"256,331",1,2,1,69.56,"-1,877",CN1CC(O)N(C2:N:N:C(C(C)(C)C):S:2)C1=O
491,2-Methyl-2-heptanol,-2.017,1,"130,231",1,0,4,20.23,"-1,720",CCCCCC(C)(C)O
492,Hexestrol,-4.854,1,"270,372",2,2,5,40.46,"-4,430",CCC(C1:C:C:C(O):C:C:1)C(CC)C1:C:C:C(O):C:C:1
493,2-Methylpentanol,-1.381,1,"102,177",1,0,3,20.23,"-1,110",CCCC(C)CO
494,Methoxychlor,-5.537999999999999,1,"345,653",0,2,4,18.46,"-6,890",COC1:C:C:C(C(C2:C:C:C(OC):C:C:2)C(Cl)(Cl)Cl):C:C:1
495,Tetrahydropyran ,-0.978,2,"86,134",0,1,0,9.23,"-0,030",C1CCOCC1
496,Trichloronate,-5.225,1,"333,604",0,1,5,18.46,"-5,752",CCOP(=S)(CC)OC1:C:C(Cl):C(Cl):C:C:1Cl
497,Dioxacarb,-1.614,1,"223,228",1,2,2,56.790000000000006,"-1,570",CNC(=O)OC1:C:C:C:C:C:1C1OCCO1
498,cortisone acetate,-3.426,1,"402,487",1,4,3,97.74,"-4,210",CC(=O)OCC(=O)C1(O)CCC2C3CCC4=CC(=O)CCC4(C)C3C(=O)CC21C
499,Tetrabromomethane,-4.063,1,"331,627",0,0,0,0.0,"-3,140",BrC(Br)(Br)Br
500,2-Methylpentane,-2.6,1,"86,178",0,0,2,0.0,"-3,740",CCCC(C)C
501,  Pyrazon ,-2.603,1,"221,647",1,2,1,60.91,"-2,878",NC1:C:N:N(C2:C:C:C:C:C:2):C(=O):C:1Cl
502,cycloheptanol,-1.7,1,"114,188",1,1,0,20.23,"-0,880",OC1CCCCCC1
503,Butamben,-3.039,1,"193,246",1,1,4,52.32,"-3,082",CCCCOC(=O)C1:C:C:C(N):C:C:1
504,DIENESTROL,-4.775,1,"266,340",2,2,3,40.46,"-4,950",CC=C(C(=CC)C1:C:C:C(O):C:C:1)C1:C:C:C(O):C:C:1
505,2-HEPTANOL ,-1.6780000000000002,1,"116,204",1,0,4,20.23,"-1,550",CCCCCC(C)O
506,Glycerol,0.688,1,"92,094",3,0,2,60.69,"1,120",OCC(O)CO
507,Pyrene,-4.957,2,"202,256",0,4,0,0.0,"-6,176",C1:C:C2:C:C:C3:C:C:C:C4:C:C:C(:C:1):C:2:C:3:4
508,  Metolachlor ,-3.431,1,"283,799",0,1,6,29.54,"-2,730",CCC1:C:C:C:C(C):C:1N(C(=O)CCl)C(C)COC
509,2-Methyl-1-Pentene,-2.3480000000000003,1,"84,162",0,0,2,0.0,"-3,030",C=C(C)CCC
510,2-Butoxyethanol,-0.775,1,"118,176",1,0,5,29.46,"-0,420",CCCCOCCO
511,RTI 24,-4.423,1,"273,723",1,3,1,45.23,"-5,360",CCN1C2:C:C(Cl):C:C:C:2NC(=O)C2:C:C:C:N:C:21
512,"N,N-Dimethylacetamide",0.123,1,"87,122",0,0,0,20.31,"1,110",CC(=O)N(C)C
513,Diuron,-3.301,1,"233,098",1,1,1,32.34,"-3,800",CN(C)C(=O)NC1:C:C:C(Cl):C(Cl):C:1
514,thymine,-0.78,1,"126,115",2,1,0,65.72,"-1,506",CC1:C:[NH]:C(=O):[NH]:C:1=O
515,methyl decanoate,-3.3160000000000003,1,"186,295",0,0,8,26.3,"-4,690",CCCCCCCCCC(=O)OC
516,Buturon,-3.199,1,"236,702",1,1,2,32.34,"-3,900",C#CC(C)N(C)C(=O)NC1:C:C:C(Cl):C:C:1
517,triamcinolone diacetate,-3.876,1,"478,513",2,4,4,127.20000000000002,"-4,130",CC(=O)OCC(=O)C1(O)C(OC(C)=O)CC2C3CCC4=CC(=O)C=CC4(C)C3(F)C(O)CC21C
518,Flumethasone,-3.539,1,"410,457",3,4,2,94.83,"-5,613",CC1CC2C3CC(F)C4=CC(=O)C=CC4(C)C3(F)C(O)CC2(C)C1(O)C(=O)CO
519,Nonane,-3.678,1,"128,259",0,0,6,0.0,"-5,880",CCCCCCCCC
520,"1,2-Benzenediol",-1.635,1,"110,112",2,1,0,40.46,"0,620",OC1:C:C:C:C:C:1O
521,4-Bromotoluene,-3.667,1,"171,037",0,1,0,0.0,"-3,190",CC1:C:C:C(Br):C:C:1
522,stadacaine,-5.127999999999999,1,"293,407",0,1,9,38.77,"-3,840",CCCCOC1:C:C:C(C(=O)OCC):C(N(CC)CC):C:1
523,progesterone,-4.17,1,"314,469",0,4,1,34.14,"-4,420",CC(=O)C1CCC2C3CCC4=CC(=O)CCC4(C)C3CCC12C
524,trans-2-Pentene ,-2.076,1,"70,135",0,0,1,0.0,"-2,540",C/C=C/CC
525,  3-Chloroanisole ,-3.057,1,NA,0,1,1,9.23,"-2,780",COC1:C:C:C:C(Cl):C:1
526,O-CHLOROIODOBENZENE,-4.384,1,"238,455",0,1,0,0.0,"-3,540",ClC1:C:C:C:C:C:1I
527,"1,3-Difluorobenzene",-2.636,1,"114,094",0,1,0,0.0,"-2,000",FC1:C:C:C:C(F):C:1
528,1-Bromohexane,-3.012,1,"165,074",0,0,4,0.0,"-3,810",CCCCCCBr
529,Methyl formate,-0.048,1,"60,052",0,0,1,26.3,"0,580",COC=O
530,Ethyl octanoate,-2.962,1,"172,268",0,0,7,26.3,"-3,390",CCCCCCCC(=O)OCC
531,tubercidin,-0.892,1,"266,257",4,3,2,126.65,"-1,950",NC1:N:C:N:C2:C:1:C:C:N:2C1OC(CO)C(O)C1O
532,Mecarbam,-3.738,1,"329,380",0,0,8,65.07000000000001,"-2,518",CCOC(=O)N(C)C(=O)CSP(=S)(OCC)OCC
533,Ethanol,0.02,1,"46,069",1,0,0,20.23,"1,100",CCO
534,SULFANILAMIDE,-0.954,1,"172,209",2,1,1,86.18,"-1,340",NC1:C:C:C(S(N)(=O)=O):C:C:1
535,4-Heptanol,-1.6780000000000002,1,"116,204",1,0,4,20.23,"-1,400",CCCC(O)CCC
536,1-decene,-3.781,1,"140,270",0,0,7,0.0,"-5,510",C=CCCCCCCCC
537,Pencycuron,-5.126,1,"328,843",1,3,4,32.34,"-5,915",O=C(NC1:C:C:C:C:C:1)N(CC1:C:C:C(Cl):C:C:1)C1CCCC1
538,Fenuron,-1.847,1,"164,208",1,1,1,32.34,"-1,600",CN(C)C(=O)NC1:C:C:C:C:C:1
539,  o-Chloronitrobenzene ,-2.775,1,"157,556",0,1,1,43.14,"-2,550",O=[N+]([O-])C1:C:C:C:C:C:1Cl
540,"2,6-Dimethylpyridine",-2.0980000000000003,1,"107,156",0,1,0,12.89,"0,450",CC1:C:C:C:C(C):N:1
541,Simetryn,-2.689,1,"213,310",0,1,3,45.15000000000001,"-2,676",CSC1:N:C(N(C)C):N:C(N(C)C):N:1
542,  Lenacil ,-3.355,1,"234,299",1,3,1,54.86,"-4,594",O=C1:[NH]:C2:C(:C(=O):N:1C1CCCCC1)CCC2
543,1-Octadecanol,-5.649,1,"270,501",1,0,16,20.23,"-8,400",CCCCCCCCCCCCCCCCCCO
544,"1,2-Dichlorobenzene",-3.482,1,"147,004",0,1,0,0.0,"-3,050",ClC1:C:C:C:C:C:1Cl
545,  Methoxsalen ,-3.25,1,"216,192",0,3,1,52.58,-,COC1:C2:O:C:C:C:2:C:C2:C:C:C(=O):O:C:1:2
546,"2,7-dimethylquinoline",-3.342,1,"157,216",0,2,0,12.89,"-1,940",CC1:C:C:C2:C:C:C(C):N:C:2:C:1
547,p-Chloroacetanilide,-2.642,1,"169,611",1,1,1,29.1,"-2,843",CC(=O)NC1:C:C:C(Cl):C:C:1
548,indoline,-2.195,2,"119,167",1,2,0,12.03,"-1,040",C1:C:C:C2:C(:C:1)CCN2
549,2-Octanol,-2.033,1,"130,231",1,0,5,20.23,"-2,090",CCCCCCC(C)O
550,Dipropyl ether,-1.426,1,"102,177",0,0,4,9.23,"-1,620",CCCOCCC
551,Furane,-1.837,2,"68,075",0,1,0,13.14,"-0,820",C1:C:C:O:C:1
552,Isobutylbenzene,-3.57,1,"134,222",0,1,2,0.0,"-4,120",CC(C)CC1:C:C:C:C:C:1
553,Methyldymron,-3.863,1,"268,360",1,2,3,32.34,"-3,350",CN(C(=O)NC(C)(C)C1:C:C:C:C:C:1)C1:C:C:C:C:C:1
554,1-Methylphenanthrene,-4.87,1,"192,261",0,3,0,0.0,"-5,850",CC1:C:C:C:C2:C:1:C:C:C1:C:C:C:C:C:1:2
555,"1,3,5-Trimethylbenzene ",-3.375,1,"120,195",0,1,0,0.0,"-3,400",CC1:C:C(C):C:C(C):C:1
556,Theophylline,-1.452,1,"180,167",1,2,0,72.68,"-1,390",CN1:C(=O):C2:[NH]:C:N:C:2:N(C):C:1=O
557,Methane,-0.636,0,"16,043",0,0,0,0.0,"-0,900",C
558,"2,4-Dimethyl-3-pentanone",-1.7519999999999998,1,"114,188",0,0,2,17.07,"-1,300",CC(C)C(=O)C(C)C
559,  5-(3-Methyl-2-butenyl)-5-isoPrbarbital ,-2.465,1,"238,287",2,1,3,75.27000000000002,"-2,593",CC(C)=CCC1(C(C)C)C(=O)NC(=O)NC1=O
560,antipyrene,-1.733,1,"188,230",0,2,1,26.93,"0,715",CC1:C:C(=O):N(C2:C:C:C:C:C:2):N:1C
561,"2,3',5-pcb",-5.7620000000000005,1,"257,547",0,2,1,0.0,"-6,010",ClC1:C:C:C:C(C2:C:C(Cl):C:C:C:2Cl):C:1
562,  salicylanilide ,-3.782,1,"213,236",2,2,2,49.33,"-3,590",O=C(NC1:C:C:C:C:C:1)C1:C:C:C:C:C:1O
563,p-Methylaniline ,-1.954,1,"107,156",1,1,0,26.02,"-1,210",CC1:C:C:C(N):C:C:1
564,2-Heptanone,-1.554,1,"114,188",0,0,4,17.07,"-1,450",CCCCCC(C)=O
565,cyclopentane ,-2.0380000000000003,2,"70,135",0,1,0,0.0,"-2,640",C1CCCC1
566,Acetophenone,-2.0780000000000003,1,"120,151",0,1,1,17.07,"-1,280",CC(=O)C1:C:C:C:C:C:1
567,Propane,-1.5530000000000002,1,"44,097",0,0,0,0.0,"-1,940",CCC
568,  Cyclopentene  ,-1.72,2,"68,119",0,1,0,0.0,"-2,100",C1=CCCC1
569,Deltamethrin,-7.44,1,"505,206",0,3,6,59.32000000000001,"-8,402",CC1(C)C(C=C(Br)Br)C1C(=O)OC(C#N)C1:C:C:C:C(OC2:C:C:C:C:C:2):C:1
570,Cyclohexanone,-0.996,1,"98,145",0,1,0,17.07,"-0,600",O=C1CCCCC1
571,17A-METHYLTESTOSTERONE,-4.073,1,"302,458",1,4,0,37.3,"-3,999",CC12CCC(=O)C=C1CCC1C2CCC2(C)C1CCC2(C)O
572,Bromacil,-3.419,1,"261,119",1,1,2,54.86,"-2,523",CCC(C)N1:C(=O):[NH]:C(C):C(Br):C:1=O
573,Styrene,-2.85,1,"104,152",0,1,1,0.0,"-2,820",C=CC1:C:C:C:C:C:1
574,Methyldymron,-3.863,1,"268,360",1,2,3,32.34,"-3,350",CN(C(=O)NC(C)(C)C1:C:C:C:C:C:1)C1:C:C:C:C:C:1
575,"  2,3,4,5-Tetrachlorophenol ",-4.335,1,"231,893",1,1,0,20.23,"-3,150",OC1:C:C(Cl):C(Cl):C(Cl):C:1Cl
576,Bromobenzene,-3.345,1,"157,010",0,1,0,0.0,"-2,550",BrC1:C:C:C:C:C:1
577,BARBITAL,-1.265,1,"184,195",2,1,2,75.27000000000002,"-2,400",CCC1(CC)C(=O)NC(=O)NC1=O
578,1-DECANOL,-2.814,1,"158,285",1,0,8,20.23,"-3,630",CCCCCCCCCCO
579,PROPYL ACETATE,-1.125,1,"102,133",0,0,2,26.3,"-0,720",CCCOC(C)=O
580,"2,2',3,3'-PCB",-6.079,1,"291,992",0,2,1,0.0,"-7,280",ClC1:C:C:C:C(C2:C:C:C:C(Cl):C:2Cl):C:1Cl
581,"1,1,2-Trichloroethane",-1.961,1,"133,405",0,0,1,0.0,"-1,480",ClCC(Cl)Cl
582,RTI 22,-4.408,1,"296,374",1,3,2,48.47,"-4,871",CCN1C2:C:C(N(C)C):C:C(C):C:2NC(=O)C2:C:C:C:N:C:21
583,1-BROMOPENTANE,-2.658,1,"151,047",0,0,3,0.0,"-3,080",CCCCCBr
584,benodanil,-4.245,1,"323,133",1,2,2,29.1,"-4,210",O=C(NC1:C:C:C:C:C:1)C1:C:C:C:C:C:1I
585,Propanil,-3.644,1,"218,083",1,1,2,29.1,"-3,000",CCC(=O)NC1:C:C:C(Cl):C(Cl):C:1
586,"1,2,3-Trichlorobenzene",-4.008,1,"181,449",0,1,0,0.0,"-4,000",ClC1:C:C:C:C(Cl):C:1Cl
587,Talbutal,-2.06,1,"224,260",2,1,4,75.27000000000002,"-2,016",C=CCC1(C(C)CC)C(=O)NC(=O)NC1=O
588,Triamcinolone,-2.734,1,"394,439",4,4,2,115.06000000000002,"-3,680",CC12C=CC(=O)C=C1CCC1C3CC(O)C(O)(C(=O)CO)C3(C)CC(O)C12F
589,Dialifor,-5.026,1,"393,854",0,2,8,55.84,"-6,340",CCOP(=S)(OCC)SC(CCl)N1C(=O)C2:C:C:C:C:C:2C1=O
590,Methazole,-3.6010000000000004,1,"261,064",0,2,1,57.14,"-2,820",CN1:C(=O):O:N(C2:C:C:C(Cl):C(Cl):C:2):C:1=O
591,methyl laurate,-4.025,1,"214,349",0,0,10,26.3,,CCCCCCCCCCCC(=O)OC
592,nifuroxime,-1.843,1,"156,097",1,1,2,88.87,"-2,190",O=[N+]([O-])C1:C:C:C(C=NO):O:1
593,p-Methoxybenzaldehyde,-2.252,1,"136,150",0,1,2,26.3,"-1,490",COC1:C:C:C(C=O):C:C:1
594,Niclosamide,-5.032,1,"327,123",2,2,3,92.47,"-4,700",O=C(NC1:C:C:C([N+](=O)[O-]):C:C:1Cl)C1:C:C(Cl):C:C:C:1O
595,ETHYL BENZOATE ,-2.775,1,"150,177",0,1,2,26.3,"-2,320",CCOC(=O)C1:C:C:C:C:C:1
596,  trans-2-Heptene  ,-2.784,1,"98,189",0,0,3,0.0,"-3,820",C/C=C/CCCC
597,2-Hexanone,-1.2,1,"100,161",0,0,3,17.07,"-0,800",CCCCC(C)=O
598,2-Hexanol,-1.324,1,"102,177",1,0,3,20.23,"-0,890",CCCCC(C)O
599,Nitromethane,-0.042,1,"61,040",0,0,0,43.14,"0,260",C[N+](=O)[O-]
600,Propazine,-3.329,1,"229,715",2,1,4,62.73,"-4,430",CC(C)NC1:N:C(Cl):N:C(NC(C)C):N:1
601,estriol,-3.858,1,"288,387",3,4,0,60.69,"-4,955",CC12CCC3C4:C:C:C(O):C:C:4CCC3C1CC(O)C2O
602,Benzo(j)fluoranthene,-6.0070000000000014,2,"252,316",0,5,0,0.0,"-8,000",C1:C:C:C2:C3:C(:C:C:C:2:C:1)C1:C:C:C:C2:C:C:C:C3:C:1:2
603,Isoproturon,-2.867,1,"206,289",1,1,2,32.34,"-3,536",CC(C)C1:C:C:C(NC(=O)N(C)C):C:C:1
604,1-Nonyne ,-2.864,1,"124,227",0,0,5,0.0,"-4,240",C#CCCCCCCC
605,m-Nitrotoluene,-2.64,1,"137,138",0,1,1,43.14,"-2,440",CC1:C:C:C:C([N+](=O)[O-]):C:1
606,CARBROMAL,-2.198,1,"237,097",2,0,3,72.19,"-2,680",CCC(Br)(CC)C(=O)NC(N)=O
607,triamcinolone acetonide,-3.928,1,"434,504",2,5,2,93.06000000000002,"-4,310",CC1(C)OC2CC3C4CCC5=CC(=O)C=CC5(C)C4(F)C(O)CC3(C)C2(C(=O)CO)O1
608,"  1,2,3,5-Tetrachlorobenzene ",-4.621,1,"215,894",0,1,0,0.0,"-4,630",ClC1:C:C(Cl):C(Cl):C(Cl):C:1
609,bromoxynil,-3.793,1,"276,915",1,1,0,44.02,"-3,330",N#CC1:C:C(Br):C(O):C(Br):C:1
610,  Urea ,0.8320000000000001,1,"60,056",2,0,0,69.11,"0,960",NC(N)=O
611,BENZNIDAZOLE,-2.321,1,"260,253",1,2,5,90.06,"-2,810",O=C(CN1:C:C:N:C:1[N+](=O)[O-])NCC1:C:C:C:C:C:1
612,Bensulide,-4.99,1,"397,524",1,1,10,64.63,"-4,200",CC(C)OP(=S)(OC(C)C)SCCNS(=O)(=O)C1:C:C:C:C:C:1
613,theobromine,-1.05,1,"180,167",1,2,0,72.68,"-2,523",CN1:C:N:C2:C:1:C(=O):[NH]:C(=O):N:2C
614,testosterone propionate,-4.87,1,"344,495",0,4,2,43.37000000000001,"-5,370",CCC(=O)OC1CCC2C3CCC4=CC(=O)CCC4(C)C3CCC12C
615,cyclohexene,-2.16,2,"82,146",0,1,0,0.0,"-2,590",C1=CCCCC1
616,"1,7-PHENANTROLINE",-2.994,2,"180,210",0,3,0,25.78,"-2,680",C1:C:N:C2:C(:C:1):C:C:C1:N:C:C:C:C:1:2
617,PYRIDINE,-1.481,2,"79,102",0,1,0,12.89,"0,760",C1:C:C:N:C:C:1
618,P-NITROANILINE,-1.936,1,"138,126",1,1,1,69.16,"-2,370",NC1:C:C:C([N+](=O)[O-]):C:C:1
619,  2-Napthol ,-3.08,1,"144,173",1,2,0,20.23,"-2,280",OC1:C:C:C2:C:C:C:C:C:2:C:1
620,BENZOPHENONE,-3.612,1,"182,222",0,2,2,17.07,"-3,120",O=C(C1:C:C:C:C:C:1)C1:C:C:C:C:C:1
621,Indan,-3.057,2,"118,179",0,2,0,0.0,"-3,040",C1:C:C:C2:C(:C:1)CCC2
622,Barban,-4.16,1,"258,104",1,1,2,38.33,"-4,370",O=C(NC1:C:C:C:C(Cl):C:1)OCC#CCCl
623,6-methoxypteridine,-1.589,1,"162,152",0,2,1,60.790000000000006,"-1,139",COC1:C:N:C2:N:C:N:C:C:2:N:1
624,Chloropham,-3.544,1,"213,664",1,1,2,38.33,"-3,380",CC(C)OC(=O)NC1:C:C:C:C(Cl):C:1
625,Dimethyl phthalate,-2.347,1,"194,186",0,1,2,52.60000000000001,"-1,660",COC(=O)C1:C:C:C:C:C:1C(=O)OC
626,Trichloroacetonitrile,-2.019,1,"144,388",0,0,0,23.79,"-2,168",N#CC(Cl)(Cl)Cl
627,Isopentyl acetate,-1.817,1,"130,187",0,0,3,26.3,"-1,920",CC(=O)OCCC(C)C
628,  Quinethazone ,-2.184,1,"289,744",3,2,2,101.29,"-3,290",CCC1NC(=O)C2:C:C(S(N)(=O)=O):C(Cl):C:C:2N1
629,Spironolactone,-3.842,1,"416,583",0,5,1,60.44,"-4,173",CC(=O)SC1CC2=CC(=O)CCC2(C)C2CCC3(C)C(CCC34CCC(=O)O4)C12
630,Methyl hexanoate,-1.899,1,"130,187",0,0,4,26.3,"-1,870",CCCCCC(=O)OC
631,1-Tetradecanol,-4.231,1,"214,393",1,0,12,20.23,"-5,840",CCCCCCCCCCCCCCO
632,neburon,-4.157,1,"275,179",1,1,4,32.34,"-4,770",CCCCN(C)C(=O)NC1:C:C:C(Cl):C(Cl):C:1
633,"2,4,6-trimethylphenol",-2.9410000000000003,1,"136,194",1,1,0,20.23,"-2,050",CC1:C:C(C):C(O):C(C):C:1
634,ethofumesate,-3.184,1,"286,349",0,2,4,61.83000000000001,"-3,420",CCOC1OC2:C:C:C(OS(C)(=O)=O):C:C:2C1(C)C
635,1-Hexene-3-ol,-1.199,1,"100,161",1,0,3,20.23,"-0,590",C=CC(O)CCC
636,"  2,2,4,6,6'-PCB ",-6.545,1,"326,437",0,2,1,0.0,"-7,320",ClC1:C:C(Cl):C(C2:C(Cl):C:C:C:C:2Cl):C(Cl):C:1
637,XIPAMIDE,-3.642,1,"354,815",3,2,3,109.48999999999998,"-3,790",CC1:C:C:C:C(C):C:1NC(=O)C1:C:C(S(N)(=O)=O):C(Cl):C:C:1O
638,  Triazolam ,-3.948,1,"343,217",0,4,1,43.07,"-4,090",CC1:N:N:C2:N:1C1:C:C:C(Cl):C:C:1C(C1:C:C:C:C:C:1Cl)=NC2
639,cyclopentyl-5-spirobarbituric acid,-0.966,1,"182,179",2,2,0,75.27,"-2,349",O=C1NC(=O)C2(CCCC2)C(=O)N1
640,quintozene,-5.098,1,"295,336",0,1,1,43.14,"-5,820",O=[N+]([O-])C1:C(Cl):C(Cl):C(Cl):C(Cl):C:1Cl
641,santonin,-2.43,1,"246,306",0,3,0,43.37000000000001,"-3,090",CC1=C2C3OC(=O)C(C)C3CCC2(C)C=CC1=O
642,"2,4-DIMETHYL-2-PENTANOL ",-1.6469999999999998,1,"116,204",1,0,2,20.23,"-0,920",CC(C)CC(C)(C)O
643,Coumaphos,-5.04,1,"362,771",0,2,6,57.9,"-5,382",CCOP(=S)(OCC)OC1:C:C:C2:O:C(=O):C(Cl):C(C):C:2:C:1
644,adenine,-1.255,1,"135,130",2,2,0,80.47999999999998,"-2,120",NC1:N:C:N:C2:N:C:[NH]:C:1:2
645,"  2,2,5-Trimethylhexane ",-3.631,1,"128,259",0,0,2,0.0,"-5,050",CC(C)CCC(C)(C)C
646,Prometon,-3.448,1,"225,296",2,1,5,71.96000000000002,"-2,478",COC1:N:C(NC(C)C):N:C(NC(C)C):N:1
647,"Digoxin (L1=41,8mg/mL, L2=68,2mg/mL, Z=40,1mg/mL)",-5.312,1,"780,949",6,8,7,203.06,"-4,081",CC1OC(OC2C(O)CC(OC3C(O)CC(OC4CCC5(C)C(CCC6C5CC(O)C5(C)C(C7=CC(=O)OC7)CCC65O)C4)OC3C)OC2C)CC(O)C1O
648,  Chlorbromuron ,-3.938,1,"293,548",1,1,2,41.57,"-3,924",CON(C)C(=O)NC1:C:C:C(Br):C(Cl):C:1
649,RTI 10,-2.7710000000000004,1,"226,235",0,3,0,42.43,"-3,672",CN1C(=O)C2:C:C:C:N:C:2OC2:C:C:C:C:C:21
650,3-Ethanoyloxymethylphenytoin,-2.7230000000000003,1,"324,336",1,3,4,75.71,"-4,470",CC(=O)OCN1C(=O)NC(C2:C:C:C:C:C:2)(C2:C:C:C:C:C:2)C1=O
651,ampyrone,-1.192,1,"203,245",1,2,1,52.95,"-0,624",CC1:C(N):C(=O):N(C2:C:C:C:C:C:2):N:1C
652,phthalamide,-0.636,1,"149,149",1,2,0,46.17,"-2,932",O=C1NC(=O)C2C=CC=CC12
653,"1,2,3,4-Tetrachlorobenzene",-4.546,1,"215,894",0,1,0,0.0,"-4,570",ClC1:C:C:C(Cl):C(Cl):C:1Cl
654,4-Nitroacetanilide,-2.219,1,"180,163",1,1,2,72.24000000000002,"-2,692",CC(=O)NC1:C:C:C([N+](=O)[O-]):C:C:1
655,Diiodomethane,-2.958,1,"267,835",0,0,0,0.0,"-2,340",ICI
656,Pyridazine,-0.619,2,"80,090",0,1,0,25.78,"1,100",C1:C:C:N:N:C:1
657,2-pyrrolidone,0.243,1,"85,106",1,1,0,29.1,"1,070",O=C1CCCN1
658,Methyl nonanoate,-2.962,1,"172,268",0,0,7,26.3,"-3,380",CCCCCCCCC(=O)OC
659,1-bromooctane,-3.721,1,"193,128",0,0,6,0.0,"-5,060",CCCCCCCCBr
660,Tetrachloroethylene,-3.063,1,"165,834",0,0,0,0.0,"-2,540",ClC(Cl)=C(Cl)Cl
661,Nitrazepam,-3.4730000000000003,1,"281,271",1,3,2,84.6,"-3,796",O=C1CN=C(C2:C:C:C:C:C:2)C2:C:C([N+](=O)[O-]):C:C:C:2N1
662,"Atovaquone(0,430mg/ml) - neutral",-6.269,1,"366,844",1,4,2,54.37,"-5,931",O=C1C(O)=C(C2CCC(C3:C:C:C(Cl):C:C:3)CC2)C(=O)C2:C:C:C:C:C:21
663,  o-Aminophenol ,-1.465,1,"109,128",2,1,0,46.25,"-0,720",NC1:C:C:C:C:C:1O
664,Isoquinoline,-2.531,2,"129,162",0,2,0,12.89,"-1,450",C1:C:C:C2:C:N:C:C:C:2:C:1
665,"N,N-Dimethylaniline",-2.542,1,"121,183",0,1,1,3.24,"-1,920",CN(C)C1:C:C:C:C:C:1
666,Sucrose,0.31,1,"342,297",8,2,5,189.53,"0,790",OCC1OC(OC2(CO)OC(CO)C(O)C2O)C(O)C(O)C1O
667,"  1,8-Cineole ",-2.579,1,"154,253",0,3,0,9.23,"-1,740",CC12CCC(CC1)C(C)(C)O2
668,chlorpyrifos,-4.972,1,"350,591",0,1,6,40.58,"-5,670",CCOP(=S)(OCC)OC1:N:C(Cl):C(Cl):C:C:1Cl
669,3-Chlorophenol,-2.761,1,"128,558",1,1,0,20.23,"-0,700",OC1:C:C:C:C(Cl):C:1
670,nifedipine,-4.248,1,"346,339",1,2,4,107.77,"-4,760",COC(=O)C1=C(C)NC(C)=C(C(=O)OC)C1C1:C:C:C:C:C:1[N+](=O)[O-]
671,dibutyl sebacate,-4.726,1,"314,466",0,0,15,52.60000000000001,"-3,896",CCCCOC(=O)CCCCCCCCC(=O)OCCCC
672,Glyceryl triacetate,-1.285,1,"218,205",0,0,5,78.9,"-0,600",CC(=O)OCC(COC(C)=O)OC(C)=O
673,p-Bromoacetanilide,-3.012,1,"214,062",1,1,1,29.1,"-3,083",CC(=O)NC1:C:C:C(Br):C:C:1
674,  Napthalene ,-3.468,2,"128,174",0,2,0,0.0,"-3,600",C1:C:C:C2:C:C:C:C:C:2:C:1
675,Dyphylline,-0.847,1,"254,246",2,2,3,102.28,"-0,170",CN1:C(=O):C2:C(:N:C:N:2CC(O)CO):N(C):C:1=O
676,Trimazosin,-3.958,1,"435,481",2,3,6,132.5,"-3,638",COC1:C:C2:C(N):N:C(N3CCN(C(=O)OCC(C)(C)O)CC3):N:C:2:C(OC):C:1OC
677,1-Iodobutane,-2.841,1,"184,020",0,0,2,0.0,"-2,960",CCCCI
678,2-Methyl-3-pentanol,-1.308,1,"102,177",1,0,2,20.23,"-0,700",CCC(O)C(C)C
679,isoguanine,-1.74,1,"151,129",3,2,0,100.71,"-3,401",NC1:N:C(O):N:C2:N:C:[NH]:C:1:2
680,Cycloheptyl-5-spirobarbituric acid,-1.844,1,"210,233",2,2,0,75.27,"-3,168",O=C1NC(=O)C2(CCCCCC2)C(=O)N1
681,2-Methylbutanol,-1.027,1,"88,150",1,0,2,20.23,"-0,470",CCC(C)CO
682,thiofanox,-2.7,1,"218,322",1,0,3,50.69,"-1,620",CNC(=O)ON=C(CSC)C(C)(C)C
683,DEOXYCORTICOSTERONE ACETATE,-4.472,1,"372,505",0,4,3,60.44000000000001,"-4,630",CC(=O)OCC(=O)C1CCC2C3CCC4=CC(=O)CCC4(C)C3CCC12C
684,1-Heptyne,-2.155,1,"96,173",0,0,3,0.0,"-3,010",C#CCCCCC
685,brompyrazone,-3.005,1,"266,098",1,2,1,60.91,"-3,127",NC1:C:N:N(C2:C:C:C:C:C:2):C(=O):C:1Br
686,chloroacetamide,-0.106,1,"93,513",1,0,1,43.09,"-0,020",NC(=O)CCl
687,"1,2-dibromoethane",-2.102,1,"187,862",0,0,1,0.0,"-1,680",BrCCBr
688,borneol,-2.423,1,"154,253",1,2,0,20.23,"-2,320",CC1(C)C2CCC1(C)C(O)C2
689,Altretamine,-2.492,1,"210,285",0,1,3,48.39000000000001,"-3,364",CN(C)C1:N:C(N(C)C):N:C(N(C)C):N:1
690,  Hydroxyprogesterone-17a ,-3.876,1,"330,468",1,4,1,54.37,"-3,817",CC(=O)C1(O)CCC2C3CCC4=CC(=O)CCC4(C)C3CCC21C
691,methyl gallate,-1.913,1,"184,147",3,1,1,86.99000000000002,"-1,240",COC(=O)C1:C:C(O):C(O):C(O):C:1
692,Amitraz,-5.533,1,"293,414",0,2,4,27.96,"-5,470",CC1:C:C:C(N=CN(C)C=NC2:C:C:C(C):C:C:2C):C(C):C:1
693,  Carbophenthion ,-5.827999999999999,1,"342,875",0,1,8,18.46,"-5,736",CCOP(=S)(OCC)SCSC1:C:C:C(Cl):C:C:1
694,nitrofurantoin,-1.243,1,"238,159",1,2,3,118.04999999999998,"-3,380",O=C1CN(N=CC2:C:C:C([N+](=O)[O-]):O:2)C(=O)N1
695,Terbumeton,-3.505,1,"225,296",2,1,4,71.96000000000002,"-3,239",CCNC1:N:C(NC(C)(C)C):N:C(OC):N:1
696,"2,3-Dichloronitrobenzene",-3.322,1,"192,001",0,1,1,43.14,"-3,480",O=[N+]([O-])C1:C:C:C:C(Cl):C:1Cl
697,Prasterone,-3.564,1,"288,431",1,4,0,37.3,"-4,120",CC12CCC3C(CC=C4CC(O)CCC43C)C1CCC2=O
698,fensulfothion,-3.283,1,"308,361",0,1,7,44.76000000000001,"-2,300",CCOP(=S)(OCC)OC1:C:C:C(S(C)=O):C:C:1
699,Dibutyl ether ,-2.135,1,"130,231",0,0,6,9.23,"-1,850",CCCCOCCCC
700,"2,2',3,3',5,6-PCB",-7.185,1,"360,882",0,2,1,0.0,"-8,600",ClC1:C:C:C:C(C2:C(Cl):C(Cl):C:C(Cl):C:2Cl):C:1Cl
701,Naled,-3.548,1,"380,784",0,0,5,44.76000000000001,"-2,280",COP(=O)(OC)OC(Br)C(Cl)(Cl)Br
702,"3,4-Dichlorophenol",-3.352,1,"163,003",1,1,0,20.23,"-1,250",OC1:C:C:C(Cl):C(Cl):C:1
703,Dibromomethane,-1.883,1,"173,835",0,0,0,0.0,"-1,170",BrCBr
704,Piperine,-3.659,1,"285,343",0,3,3,38.77,"-3,460",O=C(C=CC=CC1:C:C:C2:C(:C:1)OCO2)N1CCCCC1
705,Cyfluthrin,-6.84,1,"434,294",0,3,6,59.32000000000001,"-7,337",CC1(C)C(C=C(Cl)Cl)C1C(=O)OC(C#N)C1:C:C:C(F):C(OC2:C:C:C:C:C:2):C:1
706,"2,2',3,4,5,5'-PCB",-7.343,1,"360,882",0,2,1,0.0,"-7,680",ClC1:C:C:C(Cl):C(C2:C:C(Cl):C(Cl):C(Cl):C:2Cl):C:1
707,inosine,-0.8340000000000001,1,"268,229",4,3,2,133.75,"-1,230",OCC1OC(N2:C:N:C3:C(O):N:C:N:C:3:2)C(O)C1O
708,  Tribromomethane ,-2.904,1,"252,731",0,0,0,0.0,"-1,910",BrC(Br)Br
709,menthol,-2.782,1,"156,269",1,1,1,20.23,"-2,530",CC1CCC(C(C)C)C(O)C1
710,captafol,-4.365,1,"349,066",0,2,3,37.38,"-5,400",O=C1C2CC=CCC2C(=O)N1SC(Cl)(Cl)C(Cl)Cl
711,3-Propanoyloxymethylphenytoin,-3.128,1,"338,363",1,3,5,75.71,"-4,907",CCC(=O)OCN1C(=O)NC(C2:C:C:C:C:C:2)(C2:C:C:C:C:C:2)C1=O
712,  Chlorthalidone ,-2.564,1,"338,772",3,3,2,109.49,"-3,451",NS(=O)(=O)C1:C:C(C2(O)NC(=O)C3:C:C:C:C:C:32):C:C:C:1Cl
713,p-Hydroxyacetanilide,-1.495,1,"151,165",2,1,1,49.33,"-1,030",CC(=O)NC1:C:C:C(O):C:C:1
714,Riboflavin,-1.865,1,"376,369",5,3,5,161.56,"-3,685",CC1:C:C2:N:C3:C(=O):[NH]:C(=O):N:C3:N(CC(O)C(O)C(O)CO):C:2:C:C:1C
715,RTI 20,-3.663,1,"255,292",0,3,2,20.31,"-4,799",O=C1C2:C:C:C:C:C:2CC2:C:C:C:C:C:2N1CCF
716,Butan-2-ol,-0.616,1,"74,123",1,0,1,20.23,"0,470",CCC(C)O
717,1-Dodecanol,-3.523,1,-,1,0,10,20.23,"-4,800",CCCCCCCCCCCCO
718,Metribuzin,-2.324,1,"214,294",1,1,1,73.8,"-2,253",CSC1:N:N:C(C(C)(C)C):C(=O):N:1N
719,2-hydroxypteridine,-1.404,1,"148,125",1,2,0,71.79,"-1,947",OC1:N:C:C2:N:C:C:N:C:2:N:1
720,Oxycarboxin,-2.169,1,"267,306",1,2,2,72.47,"-2,281",CC1=C(C(=O)NC2:C:C:C:C:C:2)S(=O)(=O)CCO1
721,1-Bromo-2-methylpropane,-2.2880000000000003,1,"137,020",0,0,1,0.0,"-2,430",CC(C)CBr
722,kebuzone,-2.645,1,"322,364",0,3,5,57.69000000000001,"-3,270",CC(=O)CCC1C(=O)N(C2:C:C:C:C:C:2)N(C2:C:C:C:C:C:2)C1=O
723,Epitostanol,-4.545,1,"306,515",1,5,0,20.23,"-5,410",CC12CCC3C(CCC4CC5SC5CC43C)C1CCC2O
724,osthole,-4.0760000000000005,1,"244,290",0,2,3,39.44,"-4,314",COC1:C:C:C2:C:C:C(=O):O:C:2:C:1CC=C(C)C
725,2-Methylphenanthrene,-4.87,1,"192,261",0,3,0,0.0,NA,CC1:C:C:C2:C(:C:C:C3:C:C:C:C:C:3:2):C:1
726,Griseofulvin,-3.3280000000000003,1,"352,770",0,3,3,71.06,"-3,246",COC1=CC(=O)CC(C)C12OC1:C(Cl):C(OC):C:C(OC):C:1C2=O
727,anethole,-3.254,1,"148,205",0,1,2,9.23,"-3,130",CC=CC1:C:C:C(OC):C:C:1
728,  tetramethylurea ,-0.495,1,"116,164",0,0,0,23.550000000000004,"0,940",CN(C)C(=O)N(C)C
729,Carbofuran,-3.05,1,"221,256",1,2,1,47.56,"-2,800",CNC(=O)OC1:C:C:C:C2:C:1OC(C)(C)C2
730,  styrene oxide ,-1.826,2,"120,151",0,2,1,12.53,"-1,600",C1:C:C:C(C2CO2):C:C:1
731,isazofos,-3.76,1,"313,747",0,1,7,58.4,"-3,658",CCOP(=S)(OCC)OC1:N:C(Cl):N(C(C)C):N:1
732,DDD,-6.007999999999999,1,"320,046",0,2,3,0.0,"-7,200",ClC1:C:C:C(C(C2:C:C:C(Cl):C:C:2)C(Cl)Cl):C:C:1
733,chloralose,-1.887,1,"309,529",3,2,2,88.38000000000002,"-1,840",OCC(O)C1OC2OC(C(Cl)(Cl)Cl)OC2C1O
734,3-Pentanol,-0.97,1,"88,150",1,0,2,20.23,"-0,240",CCC(O)CC
735,"N,N-Diethylaniline",-3.16,1,"149,237",0,1,3,3.24,"-3,030",CCN(CC)C1:C:C:C:C:C:1
736,hydrazobenzene,-3.492,2,"184,242",2,2,3,24.06,"-2,920",C1:C:C:C(NNC2:C:C:C:C:C:2):C:C:1
737,EUGENOL,-2.675,1,"164,204",1,1,3,29.46,"-1,560",C=CCC1:C:C:C(O):C(OC):C:1
738,Ethanethiol,-0.968,1,"62,137",1,0,0,0.0,"-0,600",CCS
739,Benzo(b)fluoranthene,-6.0070000000000014,2,"252,316",0,5,0,0.0,"-8,230",C1:C:C:C2:C(:C:1)C1:C:C:C:C3:C:1:C2:C:C1:C:C:C:C:C:1:3
740,"1,1-Diethoxyethane ",-0.899,1,"118,176",0,0,4,18.46,"-0,430",CCOC(C)OCC
741,"cis-1,2-Dimethylcyclohexane",-3.305,1,"112,216",0,1,0,0.0,"-4,300",CC1CCCCC1C
742,2-Methyl-2-pentanol,-1.308,1,"102,177",1,0,2,20.23,"-0,490",CCCC(C)(C)O
743,AMITROLE,-0.674,1,"84,082",2,1,0,67.59,"0,522",NC1:N:C:[NH]:N:1
744,RTI 2,-3.125,1,"268,320",0,3,2,49.33000000000001,"-2,860",CCN1C(=O)C2:C:C:C:N:C:2N(CC)C2:N:C:C:C:C:21
745,p-Phenylphenol,-3.701,1,"170,211",1,2,1,20.23,"-3,480",OC1:C:C:C(C2:C:C:C:C:C:2):C:C:1
746,3-Hexyne,-1.933,1,"82,146",0,0,0,0.0,"-1,990",CCC#CCC
747,Perfluidone,-4.945,1,"379,381",1,2,4,80.31,"-3,800",CC1:C:C(S(=O)(=O)C2:C:C:C:C:C:2):C:C:C:1NS(=O)(=O)C(F)(F)F
748,propachlor,-3.018,1,"211,692",0,1,3,20.31,"-2,480",CC(C)N(C(=O)CCl)C1:C:C:C:C:C:1
749,1-Chloro-2-methylpropane,-1.924,1,"92,569",0,0,1,0.0,"-2,000",CC(C)CCl
750,Prednisolone,-2.974,1,"360,450",3,4,2,94.83,"-3,180",CC12C=CC(=O)C=C1CCC1C2C(O)CC2(C)C1CCC2(O)C(=O)CO
751,o-Nitroanisole,-2.346,1,"153,137",0,1,2,52.37,"-1,960",COC1:C:C:C:C:C:1[N+](=O)[O-]
752,isopropyl acetate,-1.1909999999999998,1,"102,133",0,0,1,26.3,"-0,550",CC(=O)OC(C)C
753,"2,2',3,5,5',6-PCB",-7.261,1,"360,882",0,2,1,0.0,"-7,420",ClC1:C:C:C(Cl):C(C2:C(Cl):C(Cl):C:C(Cl):C:2Cl):C:1
754,"3,4-pcb",-5.223,1,"223,102",0,2,1,0.0,"-6,390",ClC1:C:C:C(C2:C:C:C:C:C:2):C:C:1Cl
755,o-Xylene ,-3.004,1,"106,168",0,1,0,0.0,"-2,800",CC1:C:C:C:C:C:1C
756,3-Methyl-3-hexanol,-1.663,1,"116,204",1,0,3,20.23,"-0,980",CCCC(C)(O)CC
757,Diosgenin,-5.681,1,"414,630",1,6,0,38.69,"-7,320",CC1COC2CC3(C)C(CC4C5C=C6CC(O)CCC6(C)CC5CCC43C)OC2C1
758,4-Isopropyltoluene,-3.617,1,"134,222",0,1,1,0.0,"-3,770",CC1:C:C:C(C(C)C):C:C:1
759,2-Bromopropane,-1.949,1,"122,993",0,0,0,0.0,"-1,590",CC(C)Br
760,XMC,-2.688,1,"179,219",1,1,1,38.33,"-2,581",CNC(=O)OC1:C:C(C):C:C(C):C:1
761,Norethisterone,-2.669,1,"314,425",2,4,0,57.53,"-4,570",C#CC1(O)CCC2C3CCC4=CC(=O)CCC4(O)C3CCC21C
762,butacarb,-4.642,1,"263,381",1,1,1,38.33,"-4,240",CNC(=O)OC1:C:C(C(C)(C)C):C:C(C(C)(C)C):C:1
763,Pentachlorobenzene,-5.167999999999998,1,"250,339",0,1,0,0.0,"-5,650",ClC1:C:C(Cl):C(Cl):C(Cl):C:1Cl
764,Rotenone,-5.246,1,"394,423",0,5,3,63.22,"-4,420",C=C(C)C1CC2:C(:C:C:C3:C:2OC2COC4:C:C(OC):C(OC):C:C:4C2C3=O)O1
765,"2,6-PCB",-4.984,1,"223,102",0,2,1,0.0,"-5,210",ClC1:C:C:C:C(Cl):C:1C1:C:C:C:C:C:1
766,RTI 3,-3.049,1,"255,277",1,3,0,68.45,"-3,043",CC1:C:C:C2:C(:C:1)OC1:N:C:C(N):C:C:1C(=O)N2C
767,Fluridone,-4.249,1,"329,321",0,3,2,22.0,"-4,445",CN1:C:C(C2:C:C:C:C:C:2):C(=O):C(C2:C:C:C:C(C(F)(F)F):C:2):C:1
768,chlorquinox,-4.438,1,"267,930",0,2,0,25.78,"-5,430",ClC1:C(Cl):C(Cl):C2:N:C:C:N:C:2:C:1Cl
769,Lorazepam,-3.75,1,"321,163",2,3,1,61.69000000000001,"-3,604",O=C1NC2:C:C:C(Cl):C:C:2C(C2:C:C:C:C:C:2Cl)=NC1O
770,2-Methylnapthalene,-3.802,1,"142,201",0,2,0,0.0,"-3,770",CC1:C:C:C2:C:C:C:C:C:2:C:1
771,Metolazone,-3.777,1,"365,842",2,3,2,92.5,"-3,780",CC1:C:C:C:C:C:1N1C(=O)C2:C:C(S(N)(=O)=O):C(Cl):C:C:2NC1C
772,Pentobarbital,-2.312,1,"226,276",2,1,4,75.27000000000002,"-2,390",CCCC(C)C1(CC)C(=O)NC(=O)NC1=O
773,"2,2',3,3',4,4'-PCB",-7.192,1,"360,882",0,2,1,0.0,"-8,010",ClC1:C:C:C(C2:C:C:C(Cl):C(Cl):C:2Cl):C(Cl):C:1Cl
774,Methyl benzoate ,-2.462,1,"136,150",0,1,1,26.3,"-1,850",COC(=O)C1:C:C:C:C:C:1
775,4-Chloroanisole,-3.057,1,"142,585",0,1,1,9.23,"-2,780",COC1:C:C:C(Cl):C:C:1
776,triforine,-3.715,1,"430,934",2,1,6,64.68,"-4,190",O=CNC(N1C=CN(C(NC=O)C(Cl)(Cl)Cl)C=C1)C(Cl)(Cl)Cl
777,chlorothiazide,-1.7519999999999998,1,"295,729",2,2,1,118.69,"-3,050",NS(=O)(=O)C1:C:C2:C(:C:C:1Cl)N=CNS2(=O)=O
778,Ethylene,-0.815,1,"28,054",0,0,0,0.0,"-0,400",C=C
779,difluron,-4.692,1,"310,687",2,2,2,58.2,"-6,020",O=C(NC(=O)C1:C(F):C:C:C:C:1F)NC1:C:C:C(Cl):C:C:1
780,4-chlorophenol ,-2.761,1,"128,558",1,1,0,20.23,"-0,700",OC1:C:C:C(Cl):C:C:1
781,Abate,-6.678,1,"466,479",0,2,10,55.38000000000001,"-6,237",COP(=S)(OC)OC1:C:C:C(SC2:C:C:C(OP(=S)(OC)OC):C:C:2):C:C:1
782,3-Hexanoyloxymethylphenyltoin,-4.1530000000000005,1,"380,444",1,3,8,75.71,"-5,886",CCCCCC(=O)OCN1C(=O)NC(C2:C:C:C:C:C:2)(C2:C:C:C:C:C:2)C1=O
783,Formetanate,-1.846,1,"221,260",1,1,3,53.93,"-2,340",CNC(=O)OC1:C:C:C:C(N=CN(C)C):C:1
784,alloxan,0.436,1,"142,070",2,1,0,92.34,"-1,250",O=C1NC(=O)C(=O)C(=O)N1
785,8-quinolinol,-2.725,1,"145,161",1,2,0,33.120000000000005,"-2,420",OC1:C:C:C:C2:C:C:C:N:C:1:2
786,Isobutyl formate,-1.095,1,"102,133",0,0,3,26.3,"-1,010",CC(C)COC=O
787,Methylcyclopentane,-2.452,1,"84,162",0,1,0,0.0,"-3,300",CC1CCCC1
788,acetyl sulfisoxazole,-2.024,1,"293,348",1,2,3,89.43,"-3,590",CC(=O)N(C1:O:N:C(C):C:1C)S(=O)C1:C:C:C(N):C:C:1
789,cyclohexyl-5-spirobarbituric acid,-1.405,1,"196,206",2,2,0,75.27,"-3,060",O=C1NC(=O)C2(CCCCC2)C(=O)N1
790,  1-Pentanol ,-1.042,1,"88,150",1,0,3,20.23,"-0,600",CCCCCO
791,  Dulcin ,-2.167,1,"180,207",2,1,3,64.35,"-2,170",CCOC1:C:C:C(NC(N)=O):C:C:1
792,Diazinon,-3.989,1,"304,352",0,1,7,53.47,"-3,640",CCOP(=S)(OCC)OC1:C:C(C):N:C(C(C)C):N:1
793,metalaxyl,-2.87,1,"279,336",0,1,5,55.84,"-1,601",COCC(=O)N(C1:C(C):C:C:C:C:1C)C(C)C(=O)OC
794,  p-Nitrophenol ,-2.318,1,"139,110",1,1,1,63.37,"-0,740",O=[N+]([O-])C1:C:C:C(O):C:C:1
795,Benfluralin,-5.205,1,"335,282",0,1,7,89.51999999999998,"-5,530",CCCCN(CC)C1:C([N+](=O)[O-]):C:C(C(F)(F)F):C:C:1[N+](=O)[O-]
796,Thalidomide,-1.944,1,"258,233",1,3,1,83.55000000000003,"-2,676",O=C1CCC(N2C(=O)C3:C:C:C:C:C:3C2=O)C(=O)N1
797,o-Hydroxybenzamide,-1.942,1,"137,138",2,1,1,63.32000000000001,"-1,820",NC(=O)C1:C:C:C:C:C:1O
798,Acenapthene,-3.792,2,"154,212",0,3,0,0.0,"-4,630",C1:C:C2:C3:C(:C:C:C:C:3:C:1)CC2
799,Ethyl pentanoate,-1.899,1,"130,187",0,0,4,26.3,"-1,750",CCCOC(=O)CCC
800,Amigdalin,-0.974,1,"457,432",7,3,7,202.32,"-0,770",N#CC(OC1OC(COC2OC(CO)C(O)C(O)C2O)C(O)C(O)C1O)C1:C:C:C:C:C:1
801,o-Chloroaniline,-2.392,1,"127,574",1,1,0,26.02,"-1,520",NC1:C:C:C:C:C:1Cl
802,Cholanthrene,-5.942,2,"254,332",0,5,0,0.0,"-7,850",C1:C:C2:C3:C(:C4:C:C:C5:C:C:C:C:C:5:C:4:C:C:3:C:1)CC2
803,d-inositol,-0.887,1,"180,156",6,1,0,121.38,"0,350",OC1C(O)C(O)C(O)C(O)C1O
804,Butanethiol ,-1.676,1,"90,191",1,0,2,0.0,"-2,180",CCCCS
805,p-Toluenesulfonamide ,-1.815,1,"171,221",1,1,1,60.16,"-1,740",CC1:C:C:C(S(N)(=O)=O):C:C:1
806,allicin,-2.045,1,"162,279",0,0,5,17.07,"-0,830",C=CCSS(=O)CC=C
807,  Acridine ,-3.846,2,"179,222",0,3,0,12.89,"-3,670",C1:C:C:C2:N:C3:C:C:C:C:C:3:C:C:2:C:1
808,methaqualone,-3.881,1,"250,301",0,3,1,34.89,"-2,925",CC1:C:C:C:C:C:1N1:C(C):N:C2:C:C:C:C:C:2:C:1=O
809,Nimetazepam,-3.557,1,"295,298",0,3,2,75.81,"-3,796",CN1C(=O)CN=C(C2:C:C:C:C:C:2)C2:C:C([N+](=O)[O-]):C:C:C:21
810,Propanil,-3.644,1,"218,083",1,1,2,29.1,"-3,000",CCC(=O)NC1:C:C:C(Cl):C(Cl):C:1
811,2-Ethylbutanal,-1.523,1,"100,161",0,0,3,17.07,"-1,520",CCC(C=O)CC
812,Chlorothalonil,-3.995,1,"265,914",0,1,0,47.58,"-5,640",N#CC1:C(Cl):C(Cl):C(Cl):C(C#N):C:1Cl
813,"2,3-Dimethylbutane",-2.584,1,"86,178",0,0,1,0.0,"-3,650",CC(C)C(C)C
814,2-Methylphenol,-2.281,1,NA,1,1,0,20.23,"-0,620",CC1:C:C:C:C:C:1O
815,2-Propanol,-0.261,1,"60,096",1,0,0,20.23,"0,430",CC(C)O
816,"3,5-Dimethylpyridine",-2.0980000000000003,1,"107,156",0,1,0,12.89,"0,380",CC1:C:N:C:C(C):C:1
817,1-Iodoheptane,-3.904,1,"226,101",0,0,5,0.0,"-4,810",CCCCCCCI
818,"1,3,5-Trichlorobenzene",-4.159,1,"181,449",0,1,0,0.0,"-4,480",ClC1:C:C(Cl):C:C(Cl):C:1
819,Cyclooctanol,-2.14,1,"128,215",1,1,0,20.23,"-1,290",OC1CCCCCCC1
820,Diphenyl ether ,-4.254,2,"170,211",0,2,2,9.23,"-3,960",C1:C:C:C(OC2:C:C:C:C:C:2):C:C:1
821,Lindane,-4.009,1,"290,832",0,1,0,0.0,"-4,640",ClC1C(Cl)C(Cl)C(Cl)C(Cl)C1Cl
822,"4,4'-PCB",-5.299,1,"223,102",0,2,1,0.0,"-6,560",ClC1:C:C:C(C2:C:C:C(Cl):C:C:2):C:C:1
823,RAFFINOSE,0.496,1,"504,438",11,3,8,268.67999999999995,"-0,410",OCC1OC(OCC2OC(OC3(CO)OC(CO)C(O)C3O)C(O)C(O)C2O)C(O)C(O)C1O
824,Nitrobenzene,-2.2880000000000003,1,"123,111",0,1,1,43.14,"-1,800",O=[N+]([O-])C1:C:C:C:C:C:1
825,1-Iodopropane,-2.486,1,"169,993",0,0,1,0.0,"-2,290",CCCI
826,Benzamide,-1.501,1,"121,139",1,1,1,43.09,"-0,960",NC(=O)C1:C:C:C:C:C:1
827,Difenoxuron,-3.928,1,"286,331",1,2,4,50.8,"-4,160",COC1:C:C:C(OC2:C:C:C(NC(=O)N(C)C):C:C:2):C:C:1
828,4-Heptanone,-1.62,1,"114,188",0,0,4,17.07,"-1,300",CCCC(=O)CCC
829,"2,3-Dichlorophenol",-3.144,1,"163,003",1,1,0,20.23,"-1,300",OC1:C:C:C:C(Cl):C:1Cl
830,  Menthone ,-2.516,1,"154,253",0,1,1,17.07,"-2,350",CC1CCC(C(C)C)C(=O)C1
831,"2,3-Dimethylnaphthalene",-4.1160000000000005,1,"156,228",0,2,0,0.0,"-4,720",CC1:C:C2:C:C:C:C:C:2:C:C:1C
832,Benfuracarb,-5.132999999999999,1,"410,536",0,2,8,68.31,"-4,710",CCOC(=O)CCN(SN(C)C(=O)OC1:C:C:C:C2:C:1OC(C)(C)C2)C(C)C
833,Benzene ,-2.418,2,"78,114",0,1,0,0.0,"-1,640",C1:C:C:C:C:C:1
834,"1,2,4,5-tetrabromobenzene",-6.001,1,"393,698",0,1,0,0.0,"-6,980",BrC1:C:C(Br):C(Br):C:C:1Br
835,Piperophos,-4.637,1,"353,490",0,1,9,38.77,"-4,150",CCCOP(=S)(OCCC)SCC(=O)N1CCCCC1C
836,1-Hexanol,-1.3969999999999998,1,"102,177",1,0,4,20.23,"-1,240",CCCCCCO
837,PROPICONAZOLE,-4.603,1,"342,226",0,3,5,49.17,"-3,493",CCCC1COC(CN2:C:N:C:N:2)(C2:C:C:C(Cl):C:C:2Cl)O1
838,Kepone,-5.112,1,"490,639",0,6,0,17.07,"-5,259",O=C1C2(Cl)C3(Cl)C4(Cl)C(Cl)(Cl)C5(Cl)C3(Cl)C1(Cl)C5(Cl)C24Cl
839,m-Methylaniline,-1.954,1,"107,156",1,1,0,26.02,"-0,850",CC1:C:C:C:C(N):C:1
840,"1,4-Difluorobenzene",-2.636,1,"114,094",0,1,0,0.0,"-1,970",FC1:C:C:C(F):C:C:1
841,9-anthrol,-4.148,1,"194,233",1,3,0,20.23,"-4,730",OC1:C2:C:C:C:C:C:2:C:C2:C:C:C:C:C:1:2
842,"1,4-Dinitrobenzene",-2.281,1,"168,108",0,1,2,86.28,"-3,390",O=[N+]([O-])C1:C:C:C([N+](=O)[O-]):C:C:1
843,cycloheximide,-1.5319999999999998,1,"281,352",2,2,3,83.47,"-1,130",CC1CC(C)C(=O)C(C(O)CC2CC(=O)NC(=O)C2)C1
844,Fluoromethalone,-3.507,1,"376,468",2,4,1,74.6,"-4,099",CC(=O)C1(O)CCC2C3CC(C)C4=CC(=O)C=CC4(C)C3(F)C(O)CC21C
845,1-Butyne,-1.092,1,"54,092",0,0,0,0.0,"-1,240",C#CCC
846,Ethylcyclohexane,-3.245,1,"112,216",0,1,1,0.0,"-4,250",CCC1CCCCC1
847,Dinitramine,-4.479,1,"322,243",1,1,5,115.54000000000002,"-5,470",CCN(CC)C1:C([N+](=O)[O-]):C:C(C(F)(F)F):C(N):C:1[N+](=O)[O-]
848,Tricresyl phosphate,-6.39,1,"368,369",0,3,6,44.76000000000001,"-6,010",CC1:C:C:C(OP(=O)(OC2:C:C:C:C(C):C:2)OC2:C:C:C:C:C:2C):C:C:1
849,1-Nitronapthalene,-3.414,1,"173,171",0,2,1,43.14,"-3,540",O=[N+]([O-])C1:C:C:C:C2:C:C:C:C:C:1:2
850,chloropropylate,-5.093,1,"339,218",1,2,4,46.53,"-4,530",CC(C)OC(=O)C(O)(C1:C:C:C(Cl):C:C:1)C1:C:C:C:C(Cl):C:1
851,5-methylcytosine,-0.257,1,"125,131",2,1,0,71.77000000000002,"-1,458",CC1:C:[NH]:C(=O):N:C:1N
852,2-CHLOROBIPHENYL,-4.5280000000000005,1,"188,657",0,2,1,0.0,"-4,540",ClC1:C:C:C:C:C:1C1:C:C:C:C:C:1
853,6-Methylchrysene,-5.931,1,"242,321",0,4,0,0.0,"-6,570",CC1:C:C2:C3:C:C:C:C:C:3:C:C:C:2:C2:C:C:C:C:C:1:2
854,TEFLUBENZURON,-5.4620000000000015,1,"381,112",2,2,2,58.2,"-7,280",O=C(NC(=O)C1:C(F):C:C:C:C:1F)NC1:C:C(Cl):C(F):C(Cl):C:1F
855,2-ethyl-1-hexanol,-2.089,1,"130,231",1,0,5,20.23,"-2,110",CCCCC(CC)CO
856,Ethirimol,-2.732,1,"209,293",2,1,5,57.78,"-3,028",CCCCC1:C(C):N:C(NCC):[NH]:C:1=O
857,Diphenylmethane,-4.09,2,"168,239",0,2,2,0.0,"-4,080",C1:C:C:C(CC2:C:C:C:C:C:2):C:C:1
858,nitroethane,-0.462,1,"75,067",0,0,1,43.14,"-0,220",CC[N+](=O)[O-]
859,4-methylpteridine,-1.24,1,"146,153",0,2,0,51.56,"-0,466",CC1:N:C:N:C2:N:C:C:N:C:1:2
860,Pentachloroethane,-3.382,1,"202,295",0,0,0,0.0,"-2,600",ClC(Cl)C(Cl)(Cl)Cl
861,1-Methylcyclohexene ,-2.574,1,"96,173",0,1,0,0.0,"-3,270",CC1=CCCCC1
862,ethyl cinnamate,-3.0980000000000003,1,"176,215",0,1,3,26.3,"-3,000",CCOC(=O)C=CC1:C:C:C:C:C:1
863,Androstenedione,-3.393,1,"286,415",0,4,0,34.14,"-3,690",CC12CCC3C(CCC4=CC(=O)CCC43C)C1CCC2=O
864,Isoprocarb,-2.734,1,"193,246",1,1,2,38.33,"-2,863",CNC(=O)OC1:C:C:C:C:C:1C(C)C
865,"2,4-Dinitrotoluene",-2.604,1,"182,135",0,1,2,86.28,"-2,820",CC1:C:C:C([N+](=O)[O-]):C:C:1[N+](=O)[O-]
866,"2,2',3,3',5,5',6,6'-PCB",-8.304,1,"429,772",0,2,1,0.0,"-9,150",ClC1:C:C(Cl):C(Cl):C(C2:C(Cl):C(Cl):C:C(Cl):C:2Cl):C:1Cl
867,  norethindrone acetate ,-4.2410000000000005,1,"340,463",0,4,1,43.37000000000001,"-4,800",C#CC1(OC(C)=O)CCC2C3CCC4=CC(=O)CCC4C3CCC21C
868,"2,4,6-pcb",-5.604,1,"257,547",0,2,1,0.0,"-6,140",ClC1:C:C:C(C2:C(Cl):C:C:C:C:2Cl):C:C:1
869,indazole,-2.34,2,"118,139",1,2,0,28.68,"-2,160",C1:C:C:C2:[NH]:N:C:C:2:C:1
870,"2,3,6-Trichlorophenol",-3.572,1,"197,448",1,1,0,20.23,"-2,640",OC1:C(Cl):C:C:C(Cl):C:1Cl
871,2-iodopropane,-2.486,1,"169,993",0,0,0,0.0,"-2,090",CC(C)I
872,methyl acetate,-0.416,1,"74,079",0,0,0,26.3,"0,460",COC(C)=O
873,AMINOPYRINE,-2.129,1,"231,299",0,2,2,30.17,"-0,364",CC1:C(N(C)C):C(=O):N(C2:C:C:C:C:C:2):N:1C
874,  p-Xylene  ,-3.035,1,"106,168",0,1,0,0.0,"-2,770",CC1:C:C:C(C):C:C:1
875,Fluoranthene,-4.957,2,"202,256",0,4,0,0.0,"-6,000",C1:C:C:C2:C(:C:1)C1:C:C:C:C3:C:C:C:C2:C:1:3
876,"1,1-dichloroethane",-1.5759999999999998,1,"98,960",0,0,0,0.0,"-1,290",CC(Cl)Cl
877,2-Undecanol,-3.096,1,"172,312",1,0,8,20.23,"-2,940",CCCCCCCCCC(C)O
878,dibenzothiophene,-4.597,2,"184,263",0,3,0,0.0,"-4,380",C1:C:C:C2:C(:C:1):S:C1:C:C:C:C:C:1:2
879,ETHISTERONE,-3.858,1,"312,453",1,4,0,37.3,"-5,660",C#CC1(O)CCC2C3CCC4=CC(=O)CCC4(C)C3CCC21C
880,"2-Methyl-1,3-Butadiene ",-1.714,1,"68,119",0,0,1,0.0,"-2,030",C=CC(=C)C
881,  1-Chloropropane ,-1.585,1,"78,542",0,0,1,0.0,"-1,470",CCCCl
882,2-Isopropyltoluene,-3.585,1,"134,222",0,1,1,0.0,"-3,760",CC1:C:C:C:C:C:1C(C)C
883,napropamide,-4.088,1,"271,360",0,2,5,29.540000000000006,"-3,570",CCN(CC)C(=O)C(C)OC1:C:C:C:C2:C:C:C:C:C:1:2
884,benzaldehyde,-1.999,1,"106,124",0,1,1,17.07,"-1,190",O=CC1:C:C:C:C:C:1
885,5-Allyl-5-methylbarbital,-1.013,1,"182,179",2,1,2,75.27000000000002,"-1,160",C=CCC1(C)C(=O)NC(=O)NC1=O
886,3-methyl-3-heptanol,-2.017,1,"130,231",1,0,4,20.23,"-1,600",CCCCC(C)(O)CC
887,Morin,-2.7310000000000003,1,"302,238",5,3,1,131.36,"-3,083",O=C1:C(O):C(C2:C:C:C(O):C:C:2O):O:C2:C:C(O):C:C(O):C:1:2
888,  Methyl t-butyl ether  ,-0.984,1,"88,150",0,0,0,9.23,"-0,240",COC(C)(C)C
889,FORMOTHION,-2.087,1,"257,273",0,0,6,55.84,"-1,995",COP(=S)(OC)SCC(=O)N(C)C=O
890,hematein,-1.795,1,"300,266",4,4,0,107.22,"-2,700",O=C1C=C2CC3(O)COC4:C(:C:C:C(O):C:4O)C3=C2C=C1O
891,"3,3-Dimethylpentane",-2.938,1,"100,205",0,0,2,0.0,"-4,230",CCC(C)(C)CC
892,Butylate,-3.4530000000000003,1,"217,378",0,0,5,20.31,"-3,680",CCSC(=O)N(CC(C)C)CC(C)C
893,2-methylpteridine,-1.24,1,"146,153",0,2,0,51.56,"-0,120",CC1:N:C:C2:N:C:C:N:C:2:N:1
894,methyltestosterone acetate,-4.863,1,"344,495",0,4,1,43.37000000000001,"-5,284",CC(=O)OC1(C)CCC2C3CCC4=CC(=O)CCC4(C)C3CCC21C
895,TRICYCLAZOLE,-2.8680000000000003,1,"189,243",0,3,0,30.19,"-2,070",CC1:C:C:C:C2:S:C3:N:N:C:N:3:C:1:2
896,"  3,3-Dimethyl-2-butanone ",-1.25,1,"100,161",0,0,0,17.07,"-0,720",CC(=O)C(C)(C)C
897,Cyclopropyl-5-spirobarbituric acid,-0.088,1,"154,125",2,2,0,75.27,"-1,886",O=C1NC(=O)C2(CC2)C(=O)N1
898,1-Heptanol,-1.751,1,"116,204",1,0,5,20.23,"-1,810",CCCCCCCO
899,Mirex,-6.155,1,"545,546",0,6,0,0.0,"-6,800",ClC1(Cl)C2(Cl)C3(Cl)C4(Cl)C(Cl)(Cl)C5(Cl)C3(Cl)C1(Cl)C5(Cl)C24Cl
900,"1,2-Dichlorotetrafluoroethane",-2.697,1,"170,920",0,0,1,0.0,"-2,740",FC(F)(Cl)C(F)(F)Cl
901,Cortisone,-2.893,1,"360,450",2,4,2,91.67,"-3,110",CC12CCC(=O)C=C1CCC1C2C(=O)CC2(C)C1CCC2(O)C(=O)CO
902,Methyl butyrate,-1.545,1,"116,160",0,0,3,26.3,"-0,820",CCCOC(=O)CC
903,Tetrachloromethane,-2.607,1,"153,823",0,0,0,0.0,"-2,310",ClC(Cl)(Cl)Cl
904,1-Pentadecanol,-4.586,1,"228,420",1,0,13,20.23,"-6,350",CCCCCCCCCCCCCCCO
905,Iodofenphos,-6.148,1,"413,000",0,1,4,27.69,"-6,620",COP(=S)(OC)OC1:C:C(Cl):C(I):C:C:1Cl
906,Furfural,-1.391,1,"96,085",0,1,1,30.21,"-0,100",O=CC1:C:C:C:O:1
907,1-NAPTHOL,-3.08,1,"144,173",1,2,0,20.23,"-2,220",OC1:C:C:C:C2:C:C:C:C:C:1:2
908,benzhydrol,-3.033,1,"184,238",1,2,2,20.23,"-2,550",OC(C1:C:C:C:C:C:1)C1:C:C:C:C:C:1
909,Benzonitrile,-2.03,1,"103,124",0,1,0,23.79,"-1,000",N#CC1:C:C:C:C:C:1
910,2-Methylpropan-1-ol,-0.672,1,"74,123",1,0,1,20.23,"0,100",CC(C)CO
911,PYRAZINAMIDE,-0.674,1,-,1,1,1,68.87,"-0,667",NC(=O)C1:C:N:C:C:N:1
912,  Hexadecane ,-6.159,1,"226,448",0,0,13,0.0,"-8,400",CCCCCCCCCCCCCCCC
913,INDOLE,-2.654,2,"117,151",1,2,0,15.79,"-1,520",C1:C:C:C2:[NH]:C:C:C:2:C:1
914,  diphenamid ,-3.147,1,"239,318",0,2,3,20.31,"-2,980",CN(C)C(=O)C(C1:C:C:C:C:C:1)C1:C:C:C:C:C:1
915,Pentane,-2.261,1,"72,151",0,0,2,0.0,"-3,180",CCCCC
916,Cyanazine,-2.49,1,"240,698",2,1,4,86.52,"-3,150",CCNC1:N:C(Cl):N:C(NC(C)(C)C#N):N:1
917,p-chloroiodobenzene,-4.384,1,"238,455",0,1,0,0.0,"-4,030",ClC1:C:C:C(I):C:C:1
918,PROPYNE,-0.672,1,"40,065",0,0,0,0.0,"-0,410",C#CC
919,Fenarimol,-4.1080000000000005,1,"331,202",1,3,3,46.01000000000001,"-4,380",OC(C1:C:C:C(Cl):C:C:1)(C1:C:N:C:N:C:1)C1:C:C:C:C:C:1Cl
920,nitroglycerin,-2.029,1,"227,085",0,0,8,157.11,"-2,220",O=[N+]([O-])OCC(CO[N+](=O)[O-])O[N+](=O)[O-]
921,acetonitrile,0.152,1,"41,053",0,0,0,23.79,"0,260",CC#N
922,Isocarboxazid,-2.251,1,"231,255",2,2,4,67.16,"-2,461",CC1:C:C(C(=O)NNCC2:C:C:C:C:C:2):N:O:1
923,l-arabinose,0.601,1,"150,130",4,1,0,90.15,"0,390",OC1COC(O)C(O)C1O
924,Tetrahydrofurane ,-0.62,2,"72,107",0,1,0,9.23,NA,C1CCOC1
925,MEBENDAZOLE,-4.118,1,"295,298",2,3,3,84.07999999999998,"-3,880",COC(=O)NC1:N:C2:C:C:C(C(=O)C3:C:C:C:C:C:3):C:C:2:[NH]:1
926,Phenylmethanol,-1.699,1,"108,140",1,1,1,20.23,"-0,400",OCC1:C:C:C:C:C:1
927,Dicapthon,-4.188,1,"297,656",0,1,5,70.83000000000001,"-4,310",COP(=S)(OC)OC1:C:C:C([N+](=O)[O-]):C:C:1Cl
928,  Parathion ,-3.949,1,"291,265",0,1,7,70.83000000000001,"-4,660",CCOP(=S)(OCC)OC1:C:C:C([N+](=O)[O-]):C:C:1
929,RTI 15,-3.891,1,"268,320",1,3,1,58.12000000000001,"-4,554",CCN1C2:N:C:C:C:C:2C(=O)NC2:C(C):C:C(C):N:C:21
930,phenanthridine,-3.713,2,"179,222",0,3,0,12.89,"-2,780",C1:C:C:C2:C(:C:1):C:N:C1:C:C:C:C:C:1:2
931,hydantoin,0.603,1,"100,077",2,1,0,58.2,"-0,400",O=C1CNC(=O)N1
932,tetrachloroguaiacol,-4.299,1,"261,919",1,1,1,29.46,"-4,020",COC1:C(O):C(Cl):C(Cl):C(Cl):C:1Cl
933,3-Pentanoyloxymethylphenytoin,-3.81,1,"366,417",1,3,7,75.71,"-4,678",CCCCC(=O)OCN1C(=O)NC(C2:C:C:C:C:C:2)(C2:C:C:C:C:C:2)C1=O
934,Dimethyl sulfide,-0.758,1,"62,137",0,0,0,0.0,"-0,450",CSC
935,Methoprene,-4.795,1,"310,478",0,0,10,35.53,"-5,190",COC(C)(C)CCCC(C)CC=CC(C)=CC(=O)OC(C)C
936,  Acetamide ,0.494,1,"59,068",1,0,0,43.09,"1,580",CC(N)=O
937,Propionitrile,-0.269,1,"55,080",0,0,0,23.79,"0,280",CCC#N
938,Benzo(a)fluorene,-5.189,2,"216,283",0,4,0,0.0,"-6,680",C1:C:C:C2:C(:C:1)CC1:C2:C:C:C2:C:C:C:C:C:1:2
939,Benomyl,-2.902,1,"290,323",2,2,4,85.25,"-4,883",CCCCNC(=O)N1:C(NC(=O)OC):N:C2:C:C:C:C:C:2:1
940,FENFURAM,-2.885,1,"201,225",1,2,2,42.24,"-3,300",CC1:O:C:C:C:1C(=O)NC1:C:C:C:C:C:1
941,Terbutryn,-3.75,1,"241,364",2,1,4,62.73,"-4,000",CCNC1:N:C(NC(C)(C)C):N:C(SC):N:1
942,butachlor,-4.347,1,"311,853",0,1,9,29.54,"-4,190",CCCCOCN(C(=O)CCl)C1:C(CC):C:C:C:C:1CC
943,Ethyl hexanoate,-2.254,1,"144,214",0,0,5,26.3,"-2,350",CCCCCC(=O)OCC
944,thymol,-3.129,1,"150,221",1,1,1,20.23,"-2,220",CC1:C:C:C(C(C)C):C(O):C:1
945,Corticosterone,-3.454,1,"346,467",2,4,2,74.6,"-3,240",CC12CCC(=O)C=C1CCC1C2C(O)CC2(C)C(C(=O)CO)CCC12
946,methyl propionate,-0.836,1,"88,106",0,0,1,26.3,"-0,140",CCC(=O)OC
947,Pentachlorophenol,-4.835,1,"266,338",1,1,0,20.23,"-4,280",OC1:C(Cl):C(Cl):C(Cl):C(Cl):C:1Cl
948,meconin,-0.825,1,"196,202",0,2,2,44.76000000000001,"-1,899",COC1=C(OC)C2C(=O)OCC2C=C1
949,Chloramphenicol,-2.613,1,"323,132",3,1,6,112.70000000000002,"-2,111",O=C(NC(CO)C(O)C1:C:C:C([N+](=O)[O-]):C:C:1)C(Cl)Cl
950,  citral ,-2.579,1,"152,237",0,0,4,17.07,"-2,060",CC(C)=CCCC(C)=CC=O
951,  diethylstilbestrol ,-5.074,1,"268,356",2,2,4,40.46,"-4,070",CCC(=C(CC)C1:C:C:C(O):C:C:1)C1:C:C:C(O):C:C:1
952,Heptachlor,-5.26,1,"373,321",0,3,0,0.0,"-6,317",ClC1=C(Cl)C2(Cl)C3C(Cl)C=CC3C1(Cl)C2(Cl)Cl
953,2-METHYLTETRAHYDROFURANE,-1.034,1,"86,134",0,1,0,9.23,"0,110",CC1CCCO1
954,Cyclooctane,-3.355,2,"112,216",0,1,0,0.0,"-4,150",C1CCCCCCC1
955,RTI 12,-3.446,1,"288,738",0,3,1,49.33000000000001,"-4,114",CCN1C2:N:C:C:C:C:2C(=O)N(C)C2:C:C:C(Cl):N:C:21
956,1-aminoacridine,-3.542,1,"194,237",1,3,0,38.91,"-4,220",NC1:C:C:C:C2:N:C3:C:C:C:C:C:3:C:C:1:2
957,"2,2',4,4',5,5'-PCB",-7.343,1,"360,882",0,2,1,0.0,"-8,560",ClC1:C:C(Cl):C(C2:C:C(Cl):C(Cl):C:C:2Cl):C:C:1Cl
958,Benzoxazole,-2.214,2,"119,123",0,2,0,26.03,"-1,160",C1:C:C:C2:O:C:N:C:2:C:1
959,1-Chloroheptane,-3.003,1,"134,650",0,0,5,0.0,"-4,000",CCCCCCCCl
960,"2,2-Dimethylpentane",-2.938,1,"100,205",0,0,1,0.0,"-4,360",CCCC(C)(C)C
961,3-Methyl-2-pentanone,-1.266,1,"100,161",0,0,2,17.07,"-0,670",CCC(C)C(C)=O
962,Thiamphenicol,-1.936,1,"356,227",3,1,6,103.70000000000002,"-2,154",CS(=O)(=O)C1:C:C:C(C(O)C(CO)NC(=O)C(Cl)Cl):C:C:1
963,"1,3,5-Tribromobenzene",-5.27,1,"314,802",0,1,0,0.0,"-5,600",BrC1:C:C(Br):C:C(Br):C:1
964,Iodomethane,-1.646,1,"141,939",0,0,0,0.0,"-1,000",CI
965,"1,1,2,2-Tetrachloroethane",-2.549,1,"167,850",0,0,1,0.0,-,ClC(Cl)C(Cl)Cl
966,"5,5-Dimethylbarbituric acid",-0.556,1,"156,141",2,1,0,75.27000000000002,"-1,742",CC1(C)C(=O)NC(=O)NC1=O
967,Trichloroethylene,-2.312,1,"131,389",0,0,0,0.0,"-1,960",ClC=C(Cl)Cl
968,Flumetralin,-6.584,1,"421,734",0,2,6,89.51999999999998,"-6,780",CCN(CC1:C(F):C:C:C:C:1Cl)C1:C([N+](=O)[O-]):C:C(C(F)(F)F):C:C:1[N+](=O)[O-]
969,Prometryn,-3.693,1,"241,364",2,1,5,62.73,"-4,100",CSC1:N:C(NC(C)C):N:C(NC(C)C):N:1
970,acetazolamide,-0.7929999999999999,1,-,2,1,2,115.04,"-2,360",CC(=O)NC1:N:N:C(S(N)(=O)=O):S:1
971,Propoxur,-2.4090000000000003,1,"209,245",1,1,3,47.56,,CNC(=O)OC1:C:C:C:C:C:1OC(C)C
972,phenol,-1.991,1,"94,113",1,1,0,20.23,"0,000",OC1:C:C:C:C:C:1
973,"2,3,3',4,4',5-PCB",-7.425,1,"360,882",0,2,1,0.0,"-7,820",ClC1:C:C:C(C2:C:C(Cl):C(Cl):C(Cl):C:2Cl):C:C:1Cl
974,Ethoxyzolamide,-3.085,1,"258,324",1,2,3,82.28,"-3,810",CCOC1:C:C:C2:N:C(S(N)(=O)=O):S:C:2:C:1
975,Fenthion,-4.265,1,"278,335",0,1,5,27.69,"-4,570",COP(=S)(OC)OC1:C:C:C(SC):C(C):C:1
976,1-HEPTENE,-2.718,1,"98,189",0,0,4,0.0,"-3,730",C=CCCCCC
977,Acephate,-0.416,1,"183,169",1,0,3,55.4,"0,540",COP(=O)(NC(C)=O)SC
978,Carvone,-2.042,1,"150,221",0,1,1,17.07,"-2,060",C=C(C)C1CC=C(C)C(=O)C1
979,karbutilate,-2.655,1,"279,340",2,1,2,70.67,"-2,930",CN(C)C(=O)NC1:C:C:C:C(OC(=O)NC(C)(C)C):C:1
980,Trichlomethiazide,-2.98,1,"380,662",3,2,2,118.36,"-2,680",NS(=O)(=O)C1:C:C2:C(:C:C:1Cl)NC(C(Cl)Cl)NS2(=O)=O
981,"1,3-Butadiene",-1.376,1,"54,092",0,0,1,0.0,"-1,870",C=CC=C
982,Disulfiram,-3.862,1,"296,552",0,0,4,6.48,"-4,860",CCN(CC)C(=S)SSC(=S)N(CC)CC
983,Bromochloromethane,-1.519,1,"129,384",0,0,0,0.0,"-0,890",ClCBr
984,DNOC,-2.818,1,"198,134",1,1,2,106.51000000000002,"-1,456",CC1:C:C([N+](=O)[O-]):C:C([N+](=O)[O-]):C:1O
985,Etofenprox,-6.896,1,"376,496",0,3,9,27.69,"-8,600",CCOC1:C:C:C(C(C)(C)COCC2:C:C:C:C(OC3:C:C:C:C:C:3):C:2):C:C:1
986,"2,4-Dimethylpentane",-2.938,1,"100,205",0,0,2,0.0,"-4,260",CC(C)CC(C)C
987,RTI 19,-4.007,1,"252,317",0,3,1,23.55,"-4,749",CCN1C2:C:C:C:C:C:2C(=O)N(C)C2:C:C:C:C:C:21
988,Pentyl propanoate,-1.899,1,"130,187",0,0,4,26.3,"-2,250",CCCCC(=O)OCC
989,RTI 16,-3.411,1,"270,361",0,3,1,32.260000000000005,"-4,634",CCN1C2:N:C:C:C:C:2C(=S)N(C)C2:C:C:C:N:C:21
990,Aldrin,-5.511,1,"364,914",0,4,0,0.0,"-6,307",ClC1=C(Cl)C2(Cl)C3C4C=CC(C4)C3C1(Cl)C2(Cl)Cl
991,1-Octanol,-2.105,1,"130,231",1,0,6,20.23,"-2,390",CCCCCCCCO
992,norbormide,-4.238,1,"511,581",2,7,5,92.18,"-3,931",O=C1NC(=O)C2C3C(C(O)(C4:C:C:C:C:C:4)C4:C:C:C:C:N:4)=CC(C3=C(C3:C:C:C:C:C:3)C3:C:C:C:C:N:3)C12
993,Hexamethylbenzene,-4.3610000000000015,1,"162,276",0,1,0,0.0,"-5,230",CC1:C(C):C(C):C(C):C(C):C:1C
994,RTI 17,-4.227,1,"269,373",0,3,1,19.37,"-4,706",CCN1C2:C:C:C:C:C:2N(C)C(=S)C2:C:C:C:N:C:21
995,Digitoxin,-6.114,1,"764,950",5,8,7,182.83,"-5,293",CC1OC(OC2C(O)CC(OC3C(O)CC(OC4CCC5(C)C(CCC6C5CCC5(C)C(C7=CC(=O)OC7)CCC65O)C4)OC3C)OC2C)CC(O)C1O
996,MANNITOL,0.647,1,"182,172",6,0,5,121.38,"0,060",OCC(O)C(O)C(O)C(O)CO
997,"2,2',3,4,6-pcb",-6.627000000000002,1,"326,437",0,2,1,0.0,"-7,430",ClC1:C:C:C(C2:C(Cl):C:C:C(Cl):C:2Cl):C(Cl):C:1
998,Cycloheptene,-2.599,2,"96,173",0,1,0,0.0,"-3,180",C1=CCCCCC1
999,Phenylhydrazine,-1.866,1,"108,144",2,1,1,38.05,"0,070",NNC1:C:C:C:C:C:1
1000,methyl octanoate,-2.608,1,"158,241",0,0,6,26.3,"-3,170",CCCCCCCC(=O)OC
1001,RISOCAINE,-2.709,1,"179,219",1,1,3,52.32,"-2,452",CCCOC(=O)C1:C:C:C(N):C:C:1
1002,"1,4-pentadiene ",-1.758,1,"68,119",0,0,2,0.0,"-2,090",C=CCC=C
1003,Methyl pentanoate,-1.545,1,"116,160",0,0,3,26.3,"-1,360",CCCC(=O)OCC
1004,o-Fluorobromobenzene,-3.467,1,"175,000",0,1,0,0.0,"-2,700",FC1:C:C:C:C:C:1Br
1005,"1,4-Diethylbenzene ",-3.633,1,"134,222",0,1,2,0.0,"-3,750",CCC1:C:C:C(CC):C:C:1
1006,dibutylphthalate,-4.378,1,"278,348",0,1,8,52.60000000000001,"-4,400",CCCCOC(=O)C1:C:C:C:C:C:1C(=O)OCCCC
1007,Ethyl heptanoate,-2.608,1,"158,241",0,0,6,26.3,"-2,740",CCCCCCC(=O)OCC
1008,  Pteridine ,-0.906,2,"132,126",0,2,0,51.56,"0,020",C1:C:N:C2:N:C:N:C:C:2:N:1
1009,2-Bromotoluene,-3.667,1,"171,037",0,1,0,0.0,"-2,230",CC1:C:C:C:C:C:1Br
1010,"2,2'-PCB",-4.984,1,"223,102",0,2,1,0.0,"-5,270",ClC1:C:C:C:C:C:1C1:C:C:C:C:C:1Cl
1011,1-nitropropane,-0.816,1,"89,094",0,0,2,43.14,"-0,800",CCC[N+](=O)[O-]
1012,Triphenylene,-5.568,2,"228,294",0,4,0,0.0,"-6,726",C1:C:C:C2:C(:C:1):C1:C:C:C:C:C:1:C1:C:C:C:C:C:2:1
1013,2-aminoanthracene,-3.789,1,"193,249",1,3,0,26.02,"-5,170",NC1:C:C:C2:C:C3:C:C:C:C:C:3:C:C:2:C:1
1014,"Hexachloro-1,3-butadiene",-4.546,1,"260,762",0,0,1,0.0,"-4,920",ClC(Cl)=C(Cl)C(Cl)=C(Cl)Cl
1015,thiamylal,-3.063,1,"254,355",2,1,5,58.2,"-3,460",C=CCC1(C(C)CCC)C(=O)NC(=S)NC1=O
1016,5-Ethyl-5-phenylbarbital,-2.272,1,"232,239",2,2,2,75.27000000000002,"-2,322",CCC1(C2:C:C:C:C:C:2)C(=O)NC(=O)NC1=O
1017,vamidothion,-1.446,1,"287,343",1,0,8,64.63000000000001,"1,144",CNC(=O)C(C)SCCSP(=O)(OC)OC
1018,  Norea ,-2.47,1,"222,332",1,3,1,32.34,"-3,171",CN(C)C(=O)NC1CC2CC1C1CCCC21
1019,5-METHYL-5-ETHYLBARBITURIC ACID,-0.911,1,"170,168",2,1,1,75.27000000000002,"-1,228",CCC1(C)C(=O)NC(=O)NC1=O
1020,3-Octanoyloxymethylphenytoin,-4.84,1,"408,498",1,3,10,75.71,"-6,523",CCCCCCCC(=O)OCN1C(=O)NC(C2:C:C:C:C:C:2)(C2:C:C:C:C:C:2)C1=O
1021,Chlortoluron,-3.048,1,"212,680",1,1,1,32.34,"-3,483",CC1:C:C:C(NC(=O)N(C)C):C:C:1Cl
1022,"2,6-Dimethylnaphthalene ",-4.147,1,"156,228",0,2,0,0.0,"-4,890",CC1:C:C:C2:C:C(C):C:C:C:2:C:1
1023,ANCYMIDOL,-2.181,1,"256,305",1,3,4,55.24,"-2,596",COC1:C:C:C(C(O)(C2:C:N:C:N:C:2)C2CC2):C:C:1
1024,"2,2-Dimethylpropanol",-1.011,1,"88,150",1,0,0,20.23,"-0,400",CC(C)(C)CO
1025,Ethylbenzene,-2.988,1,"106,168",0,1,1,0.0,"-2,770",CCC1:C:C:C:C:C:1
1026,p-chloroaniline,-2.392,1,"127,574",1,1,0,26.02,"-1,660",NC1:C:C:C(Cl):C:C:1
1027,Stanolone,-3.882,1,"290,447",1,4,0,37.3,"-4,743",CC12CCC3C(CCC4CC(=O)CCC43C)C1CCC2O
1028,"1,2-Diethoxyethane ",-0.833,1,"118,176",0,0,5,18.46,"-0,770",CCOCCOCC
1029,3-Methyl-1-Butene,-1.994,1,"70,135",0,0,1,0.0,"-2,730",C=CC(C)C
1030,n-ethylaniline,-2.389,1,"121,183",1,1,2,12.03,"-1,700",CCNC1:C:C:C:C:C:1
1031,"2,4-Dimethyl-3-pentanol",-1.6469999999999998,1,"116,204",1,0,2,20.23,"-1,220",CC(C)C(O)C(C)C
1032,1-methyluracil,-0.375,1,"126,115",1,1,0,54.86,"-0,807",CN1:C:C:C(=O):[NH]:C:1=O
1033,"2,2-Dimethylpentanol",-1.719,1,"116,204",1,0,3,20.23,"-1,520",CCCC(C)(C)CO
1034,CYCLURON,-2.629,1,"198,310",1,1,1,32.34,"-2,218",CN(C)C(=O)NC1CCCCCCC1
1035,Benzo(k)fluoranthene,-6.0070000000000014,2,"252,316",0,5,0,0.0,"-8,490",C1:C:C:C2:C:C3:C(:C:C:2:C:1)C1:C:C:C:C2:C:C:C:C3:C:1:2
1036,5-(3-METHYL-2-BUTENYL)-5-ETHYLBARBITAL,-2.126,1,"224,260",2,1,3,75.27000000000002,"-2,253",CCC1(CC=C(C)C)C(=O)NC(=O)NC1=O
1037,"3,4-Dimethylpyridine",-2.067,1,"107,156",0,1,0,12.89,"0,360",CC1:C:C:N:C:C:1C
1038,"1,4-Dimethylnaphthalene ",-4.147,1,"156,228",0,2,0,0.0,"-4,140",CC1:C:C:C(C):C2:C:C:C:C:C:1:2
1039,Deoxycorticosterone,-3.939,1,"330,468",1,4,2,54.37000000000001,"-3,450",CC12CCC(=O)C=C1CCC1C2CCC2(C)C(C(=O)CO)CCC12
1040,Meprobamate,-1.376,1,"218,253",2,0,6,104.64,"-1,807",CCCC(C)(COC(N)=O)COC(N)=O
1041,"2,2,4-Trimethylpentane",-3.276,1,"114,232",0,0,1,0.0,"-4,740",CC(C)CC(C)(C)C
1042,Diethyl phthalate ,-3.016,1,"222,240",0,1,4,52.60000000000001,"-2,350",CCOC(=O)C1:C:C:C:C:C:1C(=O)OCC
1043,Ioxynil,-4.615,1,"370,915",1,1,0,44.02,"-3,610",N#CC1:C:C(I):C(O):C(I):C:1
1044,Methyl acrylate,-0.878,1,"86,090",0,0,1,26.3,"-0,220",C=CC(=O)OC
1045,Methyl propyl ether ,-0.718,1,"74,123",0,0,2,9.23,"-0,390",CCCOC
1046,Monolinuron,-2.948,1,"214,652",1,1,2,41.57,"-2,570",CON(C)C(=O)NC1:C:C:C(Cl):C:C:1
1047,"  P,P'-DDD ",-6.007999999999999,1,"320,046",0,2,3,0.0,"-7,200",ClC1:C:C:C(C(C2:C:C:C(Cl):C:C:2)C(Cl)Cl):C:C:1
1048,DISULFOTON,-3.975,1,"274,413",0,0,9,18.46,"-4,230",CCOP(=S)(OCC)SCCSCC
1049,fluconazole,-2.418,1,"306,276",1,3,5,81.64999999999998,"-1,800",OC(CN1:C:N:C:N:1)(CN1:C:N:C:N:1)C1:C:C:C(F):C:C:1F
1050,cycloate,-3.35,1,"215,362",0,1,3,20.31,"-3,400",CCSC(=O)N(CC)C1CCCCC1
1051,p-Aminophenol,-1.231,1,"109,128",2,1,0,46.25,"-0,800",NC1:C:C:C(O):C:C:1
1052,2-NONANOL,-2.387,1,"144,258",1,0,6,20.23,"-2,740",CCCCCCCC(C)O
1053,3-Octanol,-2.033,1,"130,231",1,0,5,20.23,"-1,980",CCCCCC(O)CC
1054,BENZOIN,-3.148,1,"212,248",1,2,3,37.3,"-2,850",O=C(C1:C:C:C:C:C:1)C(O)C1:C:C:C:C:C:1
1055,Khellin,-3.603,1,"260,245",0,3,2,61.81,"-3,021",COC1:C2:O:C:C:C:2:C(OC):C2:C(=O):C:C(C):O:C:1:2
1056,Ethalfluralin,-5.063,1,"333,266",0,1,6,89.51999999999998,"-6,124",C=C(C)CN(CC)C1:C([N+](=O)[O-]):C:C(C(F)(F)F):C:C:1[N+](=O)[O-]
1057,  Diphenylamine ,-3.857,2,"169,227",1,2,2,12.03,"-3,504",C1:C:C:C(NC2:C:C:C:C:C:2):C:C:1
1058,norflurazon,-4.029,1,"303,671",1,2,2,46.92,"-4,046",CNC1:C:N:N(C2:C:C:C:C(C(F)(F)F):C:2):C(=O):C:1Cl
1059,thiourea,0.329,1,"76,124",2,0,0,52.04,"0,320",NC(N)=S
1060,1-Hexene,-2.364,1,"84,162",0,0,3,0.0,"-3,230",C=CCCCC
1061,methyl nicotinate,-1.621,1,"137,138",0,1,1,39.19,"-0,460",COC(=O)C1:C:C:C:N:C:1
1062,Iodobenzene,-3.8,1,"204,010",0,1,0,0.0,"-3,010",IC1:C:C:C:C:C:1
1063,chlordane,-6.039,1,"409,782",0,3,0,0.0,"-6,860",ClC1=C(Cl)C2(Cl)C3C(Cl)C(Cl)CC3C1(Cl)C2(Cl)Cl
1064,Heptane,-2.97,1,"100,205",0,0,4,0.0,"-4,530",CCCCCCC
1065,4-methoxypteridine,-1.589,1,"162,152",0,2,1,60.790000000000006,"-1,110",COC1:N:C:N:C2:N:C:C:N:C:1:2
1066,gentisin,-1.2919999999999998,1,"262,261",2,3,1,75.99000000000002,"-2,943",COC1=CC2OC3C=CC(O)=CC3C(=O)C2C(O)=C1
1067,2-Ethylnaphthalene,-4.1,1,"156,228",0,2,1,0.0,"-4,290",CCC1:C:C:C2:C:C:C:C:C:2:C:1
1068,"  Sparsomycin (3,8mg/ml) ",-1.57,1,"361,445",4,1,8,132.11999999999998,"-1,981",CSCS(=O)CC(CO)NC(=O)C=CC1:C(C):[NH]:C(=O):[NH]:C:1=O
1069,Butabarbital,-1.958,1,"212,249",2,1,3,75.27000000000002,"-2,390",CCC(C)C1(CC)C(=O)NC(=O)NC1=O
1070,Sorbitol,0.647,1,"182,172",6,0,5,121.38,"1,090",OCC(O)C(O)C(O)C(O)CO
1071,"2,2',3,4,5,5',6-PCB",-7.898,1,"395,327",0,2,1,0.0,"-8,940",ClC1:C:C:C(Cl):C(C2:C(Cl):C(Cl):C(Cl):C(Cl):C:2Cl):C:1
1072,"2,2',4,5'-PCB",-6.23,1,"291,992",0,2,1,0.0,"-6,570",ClC1:C:C:C(C2:C:C(Cl):C:C:C:2Cl):C(Cl):C:1
1073,allopurinol,-0.84,1,"136,114",2,2,0,74.43,"-2,266",O=C1:[NH]:C:N:C2:[NH]:N:C:C:1:2
1074,Pirimicarb,-2.34,1,"238,291",0,1,2,58.56000000000001,"-1,950",CC1:N:C(N(C)C):N:C(OC(=O)N(C)C):C:1C
1075,nevirapine,-3.397,1,"266,304",1,4,1,58.12000000000001,"-3,190",CC1:C:C:N:C2:C:1NC(=O)C1:C:C:C:N:C:1N2C1CC1
1076,"1,5-Dimethlnapthalene",-4.147,1,"156,228",0,2,0,0.0,"-4,679",CC1:C:C:C:C2:C(C):C:C:C:C:1:2
1077,"2,3-Dimethylpyridine",-2.067,1,"107,156",0,1,0,12.89,"0,380",CC1:C:C:C:N:C:1C
1078,"3,5-Dichlorophenol",-3.428,1,"163,003",1,1,0,20.23,"-1,340",OC1:C:C(Cl):C:C(Cl):C:1
1079,Metoxuron,-2.6830000000000003,1,"228,679",1,1,2,41.57,"-2,564",COC1:C:C:C(NC(=O)N(C)C):C:C:1Cl
1080,3-METHYLPENTANE,-2.6,1,"86,178",0,0,2,0.0,"-3,680",CCC(C)CC
1081,guanine,-0.67,1,"151,129",3,2,0,100.45,"-3,583",NC1:N:C2:[NH]:C:N:C:2:C(=O):[NH]:1
1082,Apazone,-2.9,1,"300,362",0,3,2,56.22000000000001,"-3,538",CCCC1C(=O)N2C(N(C)C)=NC3:C:C:C(C):C:C:3N2C1=O
1083,Fenpropathrin,-6.15,1,"349,430",0,3,5,59.32000000000001,"-6,025",CC1(C)C(C(=O)OC(C#N)C2:C:C:C:C(OC3:C:C:C:C:C:3):C:2)C1(C)C
1084,Cyclooctyl-5-spirobarbituric acid,-2.2840000000000003,1,"224,260",2,2,0,75.27,"-2,982",O=C1NC(=O)C2(CCCCCCC2)C(=O)N1
1085,Dinoseb,-3.715,1,"240,215",1,1,4,106.51000000000002,"-3,380",CCC(C)C1:C:C([N+](=O)[O-]):C:C([N+](=O)[O-]):C:1O
1086,Bromoethane,-1.529,1,"108,966",0,0,0,0.0,"-1,090",CCBr
1087,Isopropyl formate,-0.684,1,"88,106",0,0,2,26.3,"-0,630",CC(C)OC=O
1088,Monuron,-2.6710000000000003,1,"198,653",1,1,1,32.34,"-2,890",CN(C)C(=O)NC1:C:C:C(Cl):C:C:1
1089,Chloroethane,-1.165,1,"64,515",0,0,0,0.0,"-1,060",CCCl
1090,Propylene,-1.235,1,"42,081",0,0,0,0.0,"-1,080",C=CC
1091,2-Methyl-2-hexanol,-1.663,1,"116,204",1,0,3,20.23,"-1,080",CCCCC(C)(C)O
1092,"5,6-Dimethylchrysene",-6.265,1,"256,348",0,4,0,0.0,"-7,010",CC1:C(C):C2:C3:C:C:C:C:C:3:C:C:C:2:C2:C:C:C:C:C:1:2
1093,"1,3-Dimethylnaphthalene",-4.147,1,"156,228",0,2,0,0.0,"-4,290",CC1:C:C(C):C2:C:C:C:C:C:2:C:1
1094,  3-Heptanoyloxymethylphenytoin ,-4.496,1,"394,471",1,3,9,75.71,"-6,301",CCCCCCC(=O)OCN1C(=O)NC(C2:C:C:C:C:C:2)(C2:C:C:C:C:C:2)C1=O
1095,Mefenacet,-4.504,1,"298,367",0,3,4,42.43000000000001,"-4,873",CN(C(=O)COC1:N:C2:C:C:C:C:C:2:S:1)C1:C:C:C:C:C:1
1096,PROPYL FORMATE,-0.757,1,"88,106",0,0,3,26.3,"-0,490",CCCOC=O
1097,Diallate,-3.827,1,"270,225",0,0,4,20.31,"-4,286",CC(C)N(C(=O)SCC(Cl)=CCl)C(C)C
1098,Terbufos,-4.367,1,"288,440",0,0,7,18.46,"-4,755",CCOP(=S)(OCC)SCSC(C)(C)C
1099,Cyhalothrin,-6.905,1,"449,856",0,3,6,59.32000000000001,"-8,176",CC1(C)C(C=C(Cl)C(F)(F)F)C1C(=O)OC(C#N)C1:C:C:C:C(OC2:C:C:C:C:C:2):C:1
1100,Methocarbamol,-1.4280000000000002,1,"241,243",2,1,6,91.01,"-0,985",COC1:C:C:C:C:C:1OCC(O)COC(N)=O
1101,Linuron,-3.5810000000000004,1,"249,097",1,1,2,41.57,"-3,592",CON(C)C(=O)NC1:C:C:C(Cl):C(Cl):C:1
1102,7-methylpteridine,-1.24,1,"146,153",0,2,0,51.56,"-0,854",CC1:C:N:C2:C:N:C:N:C:2:N:1
1103,phenylbutazone,-4.0760000000000005,1,"308,381",0,3,5,40.62000000000001,"-3,810",CCCCC1C(=O)N(C2:C:C:C:C:C:2)N(C2:C:C:C:C:C:2)C1=O
1104,m-Xylene ,-3.035,1,"106,168",0,1,0,0.0,"-2,820",CC1:C:C:C:C(C):C:1
1105,Flutriafol,-3.569,1,"301,296",1,3,4,50.94,"-3,370",OC(CN1:C:N:C:N:1)(C1:C:C:C(F):C:C:1)C1:C:C:C:C:C:1F
1106,  phenothrin ,-6.763,1,"350,458",0,3,6,35.53,"-5,240",CC(C)=CC1C(C(=O)OCC2:C:C:C:C(OC3:C:C:C:C:C:3):C:2)C1(C)C
1107,Tetradecane,-5.45,1,"198,394",0,0,11,0.0,"-7,960",CCCCCCCCCCCCCC
1108,"2,3-dimethyl-1,3-butadiene",-2.052,1,"82,146",0,0,1,0.0,"-2,400",C=C(C)C(=C)C
1109,"  1,2,3-Trimethylbenzene  ",-3.312,1,"120,195",0,1,0,0.0,"-3,200",CC1:C:C:C:C(C):C:1C
1110,"2,3,4,6-Tetrachlorophenol",-4.203,1,"231,893",1,1,0,20.23,"-3,100",OC1:C(Cl):C:C(Cl):C(Cl):C:1Cl
1111,"2,2',3,5'-PCB",-6.155,1,"291,992",0,2,1,0.0,"-6,470",ClC1:C:C:C(Cl):C(C2:C:C:C:C(Cl):C:2Cl):C:1
1112,Carbazole,-3.836,2,"167,211",1,3,0,15.79,"-5,270",C1:C:C:C2:C(:C:1):[NH]:C1:C:C:C:C:C:1:2
1113,1-Bromopropane,-1.949,1,"122,993",0,0,1,0.0,"-1,730",CCCBr
1114,"2,2',3,3',4,4',5,5',6,6'-PCB",-9.589,1,"498,662",0,2,1,0.0,"-11,600",ClC1:C(Cl):C(Cl):C(C2:C(Cl):C(Cl):C(Cl):C(Cl):C:2Cl):C(Cl):C:1Cl
1115,Metolcarb,-1.947,1,"151,165",1,1,1,38.33,"-1,803",CNC(=O)OC1:C:C:C:C:C:1
1116,Chloroacetonitrile,-0.448,1,"75,498",0,0,0,23.79,"-0,092",N#CCCl
1117,Benzene ,-2.418,2,"78,114",0,1,0,0.0,"-1,640",C1:C:C:C:C:C:1
1118,  Ethyl nonanoate ,-3.3160000000000003,1,"186,295",0,0,8,26.3,"-3,800",CCCCCCCCC(=O)OCC
1119,HYDROCORTISONE ,-3.159,1,"362,466",3,4,2,94.83,"-3,090",CC12CCC(=O)C=C1CCC1C2C(O)CC2(C)C1CCC2(O)C(=O)CO
1120,2-Ethyl pyridine,-2.051,1,"107,156",0,1,1,12.89,"0,510",CCC1:C:C:C:C:N:1
1121,Ipazine,-3.497,1,"243,742",1,1,5,53.94000000000001,"-3,785",CCN(CC)C1:N:C(Cl):N:C(NC(C)C):N:1
1122,N-METHYLANILINE ,-2.097,1,"107,156",1,1,1,12.03,"-1,280",CNC1:C:C:C:C:C:1
1123,Fenitrothion,-3.845,1,"277,238",0,1,5,70.83000000000001,"-4,040",COP(=S)(OC)OC1:C:C:C([N+](=O)[O-]):C(C):C:1
1124,Amobarbital,-2.312,1,"226,276",2,1,4,75.27000000000002,"-2,468",CCC1(CCC(C)C)C(=O)NC(=O)NC1=O
1125,Chlorimuron-ethyl (ph 7),-3.719,1,"414,827",1,2,8,127.79,н/д,CCOC(=O)C1:C:C:C:C:C:1S(=O)(=O)NN(C=O)C1:N:C(Cl):C:C(OC):N:1
1126,"2',3,4-PCB",-5.686,1,"257,547",0,2,1,0.0,"-6,290",ClC1:C:C:C(C2:C:C:C:C(Cl):C:2Cl):C:C:1
1127,propionaldehyde,-0.394,1,"58,080",0,0,1,17.07,"0,580",CCC=O
1128,Chlordene,-5.152,1,"338,876",0,3,0,0.0,"-5,640",ClC1=C(Cl)C2(Cl)C3CC=CC3C1(Cl)C2(Cl)Cl
1129,Ametryn,-3.43,1,"227,337",2,1,5,62.73,"-3,040",CCNC1:N:C(NC(C)C):N:C(SC):N:1
1130,Benzo[ghi]perylene,-6.4460000000000015,2,"276,338",0,6,0,0.0,"-9,018",C1:C:C2:C:C:C3:C:C:C4:C:C:C5:C:C:C:C6:C(:C:1):C:2:C:3:C:4:C:5:6
1131,BUTALLYLONAL,-2.766,1,"303,156",2,1,4,75.27000000000002,"-2,647",C=C(Br)CC1(C(C)CC)C(=O)NC(=O)NC1=O
1132,Anthracene,-4.518,2,"178,234",0,3,0,0.0,"-6,350",C1:C:C:C2:C:C3:C:C:C:C:C:3:C:C:2:C:1
1133,benzothiazole,-2.733,2,"135,191",0,2,0,12.89,"-1,500",C1:C:C:C2:S:C:N:C:2:C:1
1134,3-Methyl-2-butanone,-0.912,1,"86,134",0,0,1,17.07,"-0,120",CC(=O)C(C)C
1135,Dichloromethane,-1.156,1,"84,933",0,0,0,0.0,"-0,630",ClCCl
1136,Ethyl acetate,-0.77,1,"88,106",0,0,1,26.3,"-0,040",CCOC(C)=O
1137,4-Pentene-1-ol,-0.7909999999999999,1,"86,134",1,0,3,20.23,"-0,150",C=CCCCO
1138,Propyl butyrate,-1.1909999999999998,1,"102,133",0,0,2,26.3,"-1,920",CCCC(=O)OC
1139,Methanol,0.441,1,"32,042",1,0,0,20.23,"1,570",CO
1140,Desmedipham,-4.182,1,"300,314",2,2,4,76.66,"-4,632",CCOC(=O)NC1:C:C:C:C(OC(=O)NC2:C:C:C:C:C:2):C:1
1141,Mefluidide,-3.165,1,"310,297",2,1,3,75.27000000000002,"-3,240",CC(=O)NC1:C:C(NS(=O)(=O)C(F)(F)F):C(C):C:C:1C
1142,Acrolein,-0.184,1,"56,064",0,0,1,17.07,"0,570",C=CC=O
1143,Butane,-1.907,1,"58,124",0,0,1,0.0,"-2,570",CCCC
1144,butethal,-1.974,1,"212,249",2,1,4,75.27000000000002,"-1,661",CCCCC1(CC)C(=O)NC(=O)NC1=O
1145,rti 11,-3.125,1,"254,289",1,3,0,55.56,"-3,928",CC1:C:C:C2:C(:C:1)C(=O)N(C)C1:C:C(N):C:C:C:1O2
1146,  tetramethylurea ,-0.495,1,"116,164",0,0,0,23.550000000000004,"0,940",CN(C)C(=O)N(C)C
1147,  Propetamphos ,-2.826,1,"281,314",1,0,7,56.790000000000006,"-3,408",CCNP(=S)(OC)OC(C)=CC(=O)OC(C)C
1148,"1,1,2-TRICHLOROTRIFLUOROETHANE",-3.077,1,"187,375",0,0,1,0.0,"-3,040",FC(F)(Cl)C(F)(Cl)Cl
1149,Estrone,-3.872,1,"270,372",1,4,0,37.3,"-3,955",CC12CCC3C4:C:C:C(O):C:C:4CCC3C1CCC2=O
1150,thiopental,-2.96,1,"242,344",2,1,4,58.2,"-3,360",CCCC(C)C1(CC)C(=O)NC(=S)NC1=O
1151,Clonazepam,-3.707,1,"315,716",1,3,2,84.6,"-3,499",O=C1CN=C(C2:C:C:C:C:C:2Cl)C2:C:C([N+](=O)[O-]):C:C:C:2N1
1152,"  2,4,6-Trichlorophenol ",-3.648,1,"197,448",1,1,0,20.23,"-2,340",OC1:C(Cl):C:C(Cl):C:C:1Cl
1153,5-Allyl-5-phenylbarbital,-2.36,1,"244,250",2,2,3,75.27000000000002,"-2,369",C=CCC1(C2:C:C:C:C:C:2)C(=O)NC(=O)NC1=O
1154,chlordimeform,-3.164,1,"196,681",0,1,2,15.6,"-2,860",CC1:C:C(Cl):C:C:C:1N=CN(C)C
1155,2-Methylbutan-2-ol,-0.954,1,"88,150",1,0,1,20.23,"0,150",CCC(C)(C)O
1156,Hypoxanthine,-0.6559999999999999,1,"136,114",2,2,0,74.43,"-2,296",O=C1:[NH]:C:N:C2:N:C:[NH]:C:1:2
1157,di(2-ethylhexyl)-phthalate,-7.117000000000001,1,"390,564",0,1,14,52.60000000000001,"-6,960",CCCCC(CC)COC(=O)C1:C:C:C:C:C:1C(=O)OCC(CC)CCCC
